system,position,ref_nt,mut_rate,model_pp,pdb_paired
hc16,25,A,0.010373350582189078,0.6893923756466309,True
hc16,26,A,0.020938431479845383,0.2482337396817097,True
hc16,27,A,0.013154378146695102,0.5831067634186199,True
hc16,35,A,0.005926826210481035,0.5968666421767469,True
hc16,36,A,0.016766840240955736,0.4017259252497183,True
hc16,37,A,0.020087935553459512,0.14611194418082787,False
hc16,42,A,0.016019886712240382,0.18252599715426227,False
hc16,44,A,0.009911981069494362,0.30436283222748817,False
hc16,45,A,0.01563951209907433,0.42642465064084895,False
hc16,47,A,0.011773959831554126,0.4407055415408646,False
hc16,55,A,0.015755987552442265,0.47928380005586924,True
hc16,58,A,0.016788269946093295,0.25580342899156316,True
hc16,61,A,0.02437058768909569,0.15007818436948958,True
hc16,62,A,0.02943454686289698,0.007627529502818196,False
hc16,68,A,0.02162395282943775,0.2661455958637526,True
hc16,72,A,0.013123359580052493,0.25453617460469846,False
hc16,73,A,0.021536779643023838,0.09013798262236536,False
hc16,74,A,0.02397660138623994,0.0029972280516801517,False
hc16,79,A,0.015121974044817335,0.5162200949142861,True
hc16,81,A,0.015456599291707064,0.5015539063680167,True
hc16,91,A,0.016771124018618237,0.004232780500172765,False
hc16,92,A,0.021931607479451803,0.009702904774099672,False
hc16,93,A,0.018996806904157174,0.1186163031503897,False
hc16,98,A,0.020468169997259894,0.18701071740140066,False
hc16,103,A,0.0259377611191099,0.0281925732624072,False
hc16,104,A,0.018809744064138142,0.16668612752403325,False
hc16,106,A,0.01563457548528098,0.30415570483878746,False
hc16,107,A,0.019689505992732236,0.21855280446037514,False
hc16,112,A,0.021747755394331415,0.38177690906208656,True
hc16,116,A,0.022015732595763168,0.2315707061261621,False
hc16,118,A,0.0145476866745546,0.0116021122949949,False
hc16,126,A,0.020256203917843198,0.2901298541520134,False
hc16,127,A,0.019181024821969928,0.29555508461762636,False
hc16,130,A,0.017517941938973297,0.4223975443683083,False
hc16,134,A,0.015615387354685968,0.42834911596274766,False
hc16,138,A,0.021879286641335014,0.18156101273933933,False
hc16,139,A,0.03131591619698727,0.04387254119643729,False
hc16,145,A,0.021181199752628325,0.011076135810817376,False
hc16,146,A,0.0327312916670523,0.007709055450525871,False
hc16,150,A,0.01067010524917009,0.7423021006642426,True
hc16,151,A,0.009747232878802983,0.7578540538154163,True
hc16,153,A,0.008814763942007801,0.7764731646055141,True
hc16,167,A,0.0076179452075866416,0.7347242163155655,True
hc16,169,A,0.031361890301671635,0.0007694826609183857,False
hc16,173,A,0.011674938041559816,0.5936465695284736,True
hc16,177,A,0.02160128690089063,0.001051409298720531,False
hc16,183,A,0.013276589282781234,0.5147853292869974,True
hc16,187,A,0.017022517535003202,0.49800150451272435,True
hc16,188,A,0.017830388384053708,0.3041084990006223,False
hc16,192,A,0.028118796372118417,0.09708868984686947,False
hc16,198,A,0.018749408943136068,0.052035071195036246,False
hc16,206,A,0.01389019772495782,0.5703332283910494,True
hc16,207,A,0.015520805879749572,0.5863106205735238,True
hc16,211,A,0.020437229665886108,0.14660069590851837,False
hc16,224,A,0.010885289478301077,0.6702241616394328,True
hc16,228,A,0.005695563852442042,0.9936208132453574,True
hc16,243,A,0.018137710016194117,0.3469945849685089,True
hc16,245,A,0.020958211284076864,0.134670528321016,False
hc16,246,A,0.02123598109144925,0.08961911529802698,False
hc16,248,A,0.022614449526357053,0.015943111701984525,False
hc16,249,A,0.02311597482480347,0.006322827261422485,False
hc16,254,A,0.019240560124700337,0.3091560182041972,False
hc16,255,A,0.026461884579531976,0.12351214627899341,False
hc16,256,A,0.01719097309754398,0.11466752090616077,False
hc16,258,A,0.030367681133218104,0.004067586617551061,False
hc16,259,A,0.025797760413418018,0.008508010931036668,False
hc16,269,A,0.018183209621801665,0.2657918346615965,True
hc16,270,A,0.016485327556120314,0.2547055820318487,False
hc16,280,A,0.08011513765377731,0.0011234097843514851,False
hc16,282,A,0.027948293583848115,0.01228292827444191,False
hc16,284,A,0.025995116388113384,0.0016881333098665435,False
hc16,286,A,0.02789938317602252,0.00037206319808331007,False
hc16,287,A,0.0315268463321742,0.0038495698747087735,False
hc16,31,C,0.002424983809455278,0.929796021393963,True
hc16,43,C,0.009566363589583226,0.29526313733254617,False
hc16,46,C,0.005914396887159533,0.6896913091707485,False
hc16,49,C,0.0030674427668974814,0.7927408170171742,False
hc16,50,C,0.004425798256053406,0.7212353944948445,False
hc16,54,C,0.006169661961800139,0.5686555739139506,True
hc16,59,C,0.0009236451515008959,0.8813093647748876,True
hc16,60,C,0.0038362897135187377,0.8689063489037189,True
hc16,65,C,0.002939461680681177,0.8556257925208157,True
hc16,67,C,0.005526975649131411,0.19871872789976003,False
hc16,75,C,0.0066392810277552455,0.5503686055970737,True
hc16,78,C,0.009378339333978664,0.08742898143670422,False
hc16,85,C,0.0023542997404639096,0.7320460809477104,False
hc16,86,C,0.002700347860900381,0.8109120866374381,False
hc16,88,C,0.007290119458248556,0.1455614480144065,False
hc16,90,C,0.0166965861710625,0.02348574033068353,False
hc16,109,C,0.0037416401289465002,0.6256066266585232,True
hc16,113,C,0.006490069935866857,0.44342147276880206,False
hc16,117,C,0.006133948742073378,0.32925287956085847,False
hc16,123,C,0.0031355758780062344,0.5224602553881819,False
hc16,124,C,0.0031391519856590897,0.6254573476926684,False
hc16,128,C,0.0036966147728270567,0.8034418555424799,False
hc16,129,C,0.002990527578158533,0.7382557433503741,False
hc16,131,C,0.009288788767358785,0.43182112758803853,False
hc16,133,C,0.005214868406300694,0.5578229965035426,False
hc16,137,C,0.004747062531289308,0.3291644878517356,False
hc16,142,C,0.001630726485794454,0.840255352735998,False
hc16,143,C,0.0026780365355573064,0.8367472402722248,False
hc16,149,C,0.0015601966575967585,0.7566275029623244,True
hc16,152,C,0.002487424414175242,0.7757533667177994,True
hc16,155,C,0.004012964963728971,0.6614261570514738,True
hc16,156,C,0.005913326749161623,0.06549775452945714,False
hc16,161,C,0.00021821957424200417,0.9909636880752487,True
hc16,176,C,0.01331744893456483,0.031030677343041328,False
hc16,181,C,0.006835913312693499,0.18033816055527643,True
hc16,185,C,0.002832863823575898,0.7176419913734213,True
hc16,186,C,0.004843513529077086,0.7269084795626138,True
hc16,189,C,0.005030478590591856,0.5519925438163134,False
hc16,190,C,0.0015166450456985123,0.7225862054280092,False
hc16,195,C,0.007505654339255391,0.16706237731264087,False
hc16,197,C,0.010140559027956977,0.13840996970867195,False
hc16,201,C,0.005117935749873289,0.5841887807531443,True
hc16,210,C,0.00888791704724846,0.13662855591220807,False
hc16,215,C,0.0035155220299481326,0.8621670646200861,True
hc16,216,C,0.0014887787461921077,0.8599231133586775,True
hc16,219,C,0.0016160670078871758,0.9869278301297769,True
hc16,227,C,0.0021169577237428443,0.996218563367514,True
hc16,229,C,0.0006300067888662594,0.9946249771116789,True
hc16,232,C,0.020796893070458945,0.0036937716103391605,False
hc16,237,C,0.0027872794038014456,0.9994255120868759,True
hc16,238,C,0.0006728913629155016,0.997456513367645,True
hc16,240,C,0.0016519185746597359,0.8987271829157342,True
hc16,247,C,0.009365952459188332,0.0660472582369759,False
hc16,250,C,0.00839179255781628,0.06749454913469735,False
hc16,266,C,0.007279698545908967,0.23298068447460507,False
hc16,268,C,0.004696299156801925,0.6452770759778972,True
hc16,271,C,0.003821844965857346,0.8398536102225095,True
hc16,274,C,0.002207806804861992,0.9934791626045206,True
hc16,276,C,0.0007495536408872587,0.9856008925995429,True
hc16,281,C,0.010834960067759396,0.011905252493256854,False
hc16,285,C,0.01361145120304652,0.0029841590813341,False
hc16,290,C,0.0021723028352862604,0.7442706755626058,True
hc16,292,C,0.0028814174133812926,0.9853911108282539,True
tetrahymena_ribozyme,25,A,0.019883365390870784,0.31608723791900273,False
tetrahymena_ribozyme,27,A,0.027040128305839226,0.007064509684965379,False
tetrahymena_ribozyme,29,A,0.02796336667193184,0.23346109770042497,True
tetrahymena_ribozyme,34,A,0.017013985897037353,0.5688812301681707,True
tetrahymena_ribozyme,42,A,0.010037749973566476,0.6576702169115094,True
tetrahymena_ribozyme,43,A,0.00730040385212799,0.7776513543460012,False
tetrahymena_ribozyme,44,A,0.011541819695753778,0.6001182765045847,True
tetrahymena_ribozyme,45,A,0.01463275681583186,0.553916658100656,True
tetrahymena_ribozyme,49,A,0.03285527406203439,0.18675797339989655,False
tetrahymena_ribozyme,50,A,0.01479953867313826,0.3118423868104698,False
tetrahymena_ribozyme,52,A,0.016960828648114774,0.5256459890754384,False
tetrahymena_ribozyme,58,A,0.010445861716434643,0.531731928982195,False
tetrahymena_ribozyme,59,A,0.022082933520141755,0.35386835914710557,False
tetrahymena_ribozyme,60,A,0.017117004389290032,0.3723174857573258,False
tetrahymena_ribozyme,68,A,0.007789768909547679,0.41113701710213724,False
tetrahymena_ribozyme,69,A,0.020299791698868697,0.047657910586508465,False
tetrahymena_ribozyme,70,A,0.018436343492916576,0.10430632213109896,False
tetrahymena_ribozyme,77,A,0.018859073181621208,0.2908603554281008,False
tetrahymena_ribozyme,78,A,0.015822304454491003,0.30772155782986516,False
tetrahymena_ribozyme,80,A,0.015516536457777898,0.36286507602200807,False
tetrahymena_ribozyme,88,A,0.013479054427337406,0.5220756740001475,True
tetrahymena_ribozyme,91,A,0.018835506621193255,0.33670862204230156,True
tetrahymena_ribozyme,94,A,0.02436368870704894,0.11657001529957144,True
tetrahymena_ribozyme,95,A,0.02842497670083877,0.09618482170311803,False
tetrahymena_ribozyme,101,A,0.008228705146300874,0.6847184028091696,True
tetrahymena_ribozyme,106,A,0.0141619925713504,0.2253500598122085,False
tetrahymena_ribozyme,107,A,0.017780128265098408,0.05217121836397055,False
tetrahymena_ribozyme,108,A,0.017348034453351088,0.08614718003580576,False
tetrahymena_ribozyme,114,A,0.011694383627927357,0.6874436118905086,True
tetrahymena_ribozyme,116,A,0.010997249398406623,0.6516285665822017,True
tetrahymena_ribozyme,126,A,0.014386039601722194,0.0757303779122014,False
tetrahymena_ribozyme,127,A,0.01978220957038027,0.09284103069036236,False
tetrahymena_ribozyme,128,A,0.04205954225178265,0.05118816366548738,False
tetrahymena_ribozyme,133,A,0.017553563366448487,0.5265374788688281,False
tetrahymena_ribozyme,138,A,0.018569066208104675,0.23281510313318113,False
tetrahymena_ribozyme,139,A,0.01552044349870215,0.33235873861993626,False
tetrahymena_ribozyme,141,A,0.01844659748983111,0.09902605423508146,False
tetrahymena_ribozyme,142,A,0.01660547419022649,0.22967976060918951,False
tetrahymena_ribozyme,147,A,0.016887010338460746,0.5502971089433053,True
tetrahymena_ribozyme,151,A,0.016441752775731445,0.27455934134335186,False
tetrahymena_ribozyme,153,A,0.04409908957431383,0.0013583145953426075,False
tetrahymena_ribozyme,161,A,0.02104191731310375,0.21227329514842422,False
tetrahymena_ribozyme,162,A,0.04118363426016573,0.011629703468042726,False
tetrahymena_ribozyme,165,A,0.014550421155694167,0.27256845280919817,False
tetrahymena_ribozyme,169,A,0.019093066280566277,0.6813905058232275,False
tetrahymena_ribozyme,173,A,0.02295810275269094,0.14323742736680542,False
tetrahymena_ribozyme,174,A,0.03541828445780043,0.08809981595321423,False
tetrahymena_ribozyme,180,A,0.01014817668203358,0.6456759102233152,False
tetrahymena_ribozyme,181,A,0.028902536462494754,0.032755781339094917,False
tetrahymena_ribozyme,185,A,0.009526951850955995,0.8402394792861239,True
tetrahymena_ribozyme,186,A,0.009169238394845599,0.8171283153445519,True
tetrahymena_ribozyme,188,A,0.008082658343721192,0.8223979511454913,True
tetrahymena_ribozyme,190,A,0.03080797886330719,0.09627861477147032,True
tetrahymena_ribozyme,201,A,0.009924747473678311,0.812432540154489,True
tetrahymena_ribozyme,203,A,0.012342307758267012,0.47022170844570543,False
tetrahymena_ribozyme,207,A,0.012862000410638542,0.6454148587935329,True
tetrahymena_ribozyme,211,A,0.01456485354373202,0.582413525450755,False
tetrahymena_ribozyme,216,A,0.018268344757837958,0.3561396566281172,False
tetrahymena_ribozyme,218,A,0.028416431667512888,0.12915898310288804,False
tetrahymena_ribozyme,220,A,0.015397316844651548,0.7142511888328773,True
tetrahymena_ribozyme,223,A,0.010811355663233607,0.2719863565929989,True
tetrahymena_ribozyme,224,A,0.03287623489269274,0.0038349255463061382,False
tetrahymena_ribozyme,225,A,0.015455152166805422,0.14250479308881836,False
tetrahymena_ribozyme,238,A,0.013029181746310506,0.7729775032424183,True
tetrahymena_ribozyme,239,A,0.009427612079947372,0.7454349806476881,True
tetrahymena_ribozyme,241,A,0.01525384152240588,0.5758600772592033,True
tetrahymena_ribozyme,245,A,0.02680044981688187,0.19800161938418592,False
tetrahymena_ribozyme,254,A,0.011146630549998277,0.5341581431730976,False
tetrahymena_ribozyme,256,A,0.0198593583109985,0.21237565951165358,False
tetrahymena_ribozyme,257,A,0.01718142814651498,0.1418984675719424,False
tetrahymena_ribozyme,259,A,0.01681391511730834,0.6440455722797522,True
tetrahymena_ribozyme,261,A,0.019540740949191653,0.6490814431646387,True
tetrahymena_ribozyme,263,A,0.01366919811880332,0.7092334643928816,True
tetrahymena_ribozyme,269,A,0.026540231323598156,0.10445473230579409,False
tetrahymena_ribozyme,279,A,0.019701164580099594,0.00555347992517448,False
tetrahymena_ribozyme,280,A,0.01417425934970039,0.005051916032697812,False
tetrahymena_ribozyme,285,A,0.015628718125223793,0.465644901731059,True
tetrahymena_ribozyme,289,A,0.006775759189552293,0.7678581221640376,True
tetrahymena_ribozyme,294,A,0.017280494100616817,0.21681551459320642,False
tetrahymena_ribozyme,297,A,0.03808985205628196,0.07455688792901381,False
tetrahymena_ribozyme,298,A,0.012931861146880736,0.5608790839178538,True
tetrahymena_ribozyme,302,A,0.018102167491212517,0.3190522009521246,False
tetrahymena_ribozyme,306,A,0.02348759956217655,0.25862238376337593,False
tetrahymena_ribozyme,307,A,0.02571678534233653,0.18514003222704412,True
tetrahymena_ribozyme,309,A,0.015524815299625053,0.5952434191901292,True
tetrahymena_ribozyme,314,A,0.027157921132492546,0.1513612818771324,False
tetrahymena_ribozyme,324,A,0.01140996562416568,0.776875399513366,False
tetrahymena_ribozyme,325,A,0.012544950535337352,0.8196641166499066,False
tetrahymena_ribozyme,328,A,0.01037715532595266,0.8317971161759893,True
tetrahymena_ribozyme,329,A,0.010950022695676423,0.7751665314022581,True
tetrahymena_ribozyme,335,A,0.00845016303863127,0.78736068539362,True
tetrahymena_ribozyme,340,A,0.02568952932128938,0.01512227410600896,False
tetrahymena_ribozyme,341,A,0.028453463534316596,0.01926907469981085,False
tetrahymena_ribozyme,342,A,0.024970214757335185,0.021017938943688877,False
tetrahymena_ribozyme,33,C,0.006218905472636816,0.474349941523618,False
tetrahymena_ribozyme,36,C,0.00420505537677978,0.25987289157366444,True
tetrahymena_ribozyme,48,C,0.00657013205222633,0.8659721628322508,True
tetrahymena_ribozyme,53,C,0.0023661718398560504,0.8639096414136523,True
tetrahymena_ribozyme,54,C,0.00397958849890419,0.8470808746567836,True
tetrahymena_ribozyme,57,C,0.007186441066148737,0.7437004288304967,True
tetrahymena_ribozyme,64,C,0.004266285867706783,0.9777281816280875,False
tetrahymena_ribozyme,76,C,0.005911554445536319,0.4927881251965943,False
tetrahymena_ribozyme,79,C,0.0051052712835307525,0.6432844993105744,False
tetrahymena_ribozyme,82,C,0.005057323783297959,0.7153946254994733,True
tetrahymena_ribozyme,83,C,0.004638382543850251,0.5340015056745141,True
tetrahymena_ribozyme,87,C,0.005244003611999502,0.7148428080273715,True
tetrahymena_ribozyme,92,C,0.004651414524595642,0.7243215462729355,True
tetrahymena_ribozyme,93,C,0.0024263375247325527,0.7430836351683318,True
tetrahymena_ribozyme,98,C,0.0024268873713589986,0.7969655270985443,True
tetrahymena_ribozyme,100,C,0.003084300931840942,0.9759313633105993,True
tetrahymena_ribozyme,109,C,0.0038476840011366868,0.6895167616090654,True
tetrahymena_ribozyme,120,C,0.00359454805804366,0.6950543764255407,False
tetrahymena_ribozyme,121,C,0.003950218220022559,0.8744288031225602,False
tetrahymena_ribozyme,125,C,0.008527334907447219,0.7441967224430812,False
tetrahymena_ribozyme,144,C,0.0021873846516010376,0.966953005868622,True
tetrahymena_ribozyme,148,C,0.004771368793514627,0.7625007618025909,True
tetrahymena_ribozyme,152,C,0.004203356657452593,0.5475542379184131,False
tetrahymena_ribozyme,158,C,0.0021996742372427215,0.9321621236151375,False
tetrahymena_ribozyme,159,C,0.004004968033144396,0.9328631143977407,False
tetrahymena_ribozyme,163,C,0.005088066549217201,0.7682648151393316,True
tetrahymena_ribozyme,164,C,0.0014754615224221277,0.7942784859747035,True
tetrahymena_ribozyme,166,C,0.006877016443033275,0.6415542916608584,False
tetrahymena_ribozyme,168,C,0.005918075894255685,0.7382267952001781,False
tetrahymena_ribozyme,171,C,0.005599047673694035,0.9013863083548402,False
tetrahymena_ribozyme,172,C,0.006273890729990934,0.400152969259161,False
tetrahymena_ribozyme,177,C,0.0013833833605626307,0.9758903701909079,True
tetrahymena_ribozyme,178,C,0.001073917341845275,0.9514123145866016,True
tetrahymena_ribozyme,184,C,0.00287065035777576,0.9134319632030453,True
tetrahymena_ribozyme,187,C,0.002050543540494131,0.8473788693972993,True
tetrahymena_ribozyme,192,C,0.022154582272330928,0.026331891285465234,False
tetrahymena_ribozyme,195,C,0.003911662100721731,0.8572922459307712,True
tetrahymena_ribozyme,210,C,0.011980474337959275,0.6010698198632468,False
tetrahymena_ribozyme,215,C,0.010450853225884127,0.38213420466953196,False
tetrahymena_ribozyme,217,C,0.009522096241088098,0.4034005263848683,False
tetrahymena_ribozyme,221,C,0.006386520710291786,0.7028227283080558,True
tetrahymena_ribozyme,229,C,0.0065963774968777755,0.9382384476241242,True
tetrahymena_ribozyme,233,C,0.007973769958822784,0.46927777156569367,False
tetrahymena_ribozyme,248,C,0.00401304644221224,0.8707815691268935,True
tetrahymena_ribozyme,251,C,0.004074894645264219,0.7889873352635436,True
tetrahymena_ribozyme,253,C,0.004180860947661815,0.6959214899746723,True
tetrahymena_ribozyme,266,C,0.0047830806963933895,0.7699052024366404,True
tetrahymena_ribozyme,270,C,0.0016956657059741202,0.6757572999279617,False
tetrahymena_ribozyme,271,C,0.001745909424267226,0.9106536000685032,False
tetrahymena_ribozyme,273,C,0.0036040544119278414,0.908221090901771,True
tetrahymena_ribozyme,275,C,0.001026318695372098,0.9537945985638244,True
tetrahymena_ribozyme,276,C,0.0026826924979676267,0.8793040966149878,True
tetrahymena_ribozyme,287,C,0.0064701328845172745,0.7195369896257826,True
tetrahymena_ribozyme,291,C,0.0035201607740042414,0.7410271347332298,True
tetrahymena_ribozyme,305,C,0.0064653880385709735,0.3593590956146339,False
tetrahymena_ribozyme,308,C,0.005795212404225416,0.6426608090929763,True
tetrahymena_ribozyme,310,C,0.006107817126662669,0.6796599116673548,True
tetrahymena_ribozyme,316,C,0.004404260283449818,0.9031022916352094,True
tetrahymena_ribozyme,317,C,0.005574095490108408,0.9034422271458531,True
tetrahymena_ribozyme,319,C,0.0026386226056664495,0.7719422287121379,True
tetrahymena_ribozyme,326,C,0.0024228180271693564,0.9946593478320095,True
tetrahymena_ribozyme,338,C,0.003936343959972281,0.8355163689814368,True
HCV_IRES,33,A,0.01396265868262448,0.6748383694233224,True
HCV_IRES,36,A,0.0279651446318113,0.12212591697879763,False
HCV_IRES,37,A,0.013198351874707222,0.5553658051765392,False
HCV_IRES,40,A,0.03788758703682638,0.0873051001415129,True
HCV_IRES,49,A,0.009010316182781551,0.7187668722219829,True
HCV_IRES,53,A,0.010163810984302515,0.6426808889353973,True
HCV_IRES,55,A,0.027070075888105248,0.0739930130139083,False
HCV_IRES,56,A,0.04085978023025456,0.010373502528904944,False
HCV_IRES,57,A,0.058104830262189835,0.06000733265199441,True
HCV_IRES,64,A,0.02937709541443535,0.12043720150601794,False
HCV_IRES,68,A,0.017567474512242085,0.24739808378418984,False
HCV_IRES,76,A,0.013330286123739692,0.09875184350063151,False
HCV_IRES,79,A,0.014297074267606602,0.5349302133314782,False
HCV_IRES,82,A,0.007056925692096296,0.6783266450046063,False
HCV_IRES,92,A,0.010122501063377287,0.6614684311122971,False
HCV_IRES,99,A,0.011325025104962179,0.6697112155549624,True
HCV_IRES,117,A,0.011798161668462454,0.4338494708575862,True
HCV_IRES,119,A,0.042759821586394006,0.029049229510318283,False
HCV_IRES,123,A,0.013159026598754953,0.5171190326544759,True
HCV_IRES,125,A,0.008521141030976712,0.5069230109509993,True
HCV_IRES,137,A,0.019582246355811763,0.20423055557142386,False
HCV_IRES,138,A,0.01654518073526988,0.2952729411625063,False
HCV_IRES,145,A,0.01965771461054836,0.004050900481489656,False
HCV_IRES,148,A,0.00810322990693717,0.4923134664843187,False
HCV_IRES,150,A,0.007590668407306998,0.4869512841856911,True
HCV_IRES,155,A,0.008590775544572642,0.7578948335164251,True
HCV_IRES,156,A,0.0031566785170497698,0.9384257471833438,True
HCV_IRES,162,A,0.008310766843883462,0.8550046865138907,True
HCV_IRES,165,A,0.022221510910805816,0.4100095652101652,False
HCV_IRES,168,A,0.014711490960655882,0.533243461766438,True
HCV_IRES,185,A,0.015976627877821573,0.7141543054559539,False
HCV_IRES,188,A,0.029371773656180464,0.04012198743601489,False
HCV_IRES,189,A,0.019287340251757046,0.09752214518426486,False
HCV_IRES,198,A,0.03207725381131072,0.1333792053608331,False
HCV_IRES,199,A,0.014746489079914039,0.15418378936187804,False
HCV_IRES,207,A,0.012978558534010014,0.19907871219617146,False
HCV_IRES,209,A,0.01274114148633115,0.7742034272979826,True
HCV_IRES,228,A,0.013340829747226383,0.5559297318788039,True
HCV_IRES,230,A,0.013918173817330133,0.5344012700129291,True
HCV_IRES,236,A,0.01036612231555309,0.7873131984349877,True
HCV_IRES,241,A,0.017618543886081046,0.5685004500187832,False
HCV_IRES,244,A,0.016619237822994702,0.41297002421774687,False
HCV_IRES,258,A,0.022851564856683645,0.30647121706450475,False
HCV_IRES,259,A,0.039651821718457804,0.0015620539125963822,False
HCV_IRES,260,A,0.04118322253575016,0.025772179935608753,False
HCV_IRES,272,A,0.015026505642768265,0.5996180277630266,False
HCV_IRES,280,A,0.023391509061500584,0.10203519404350307,False
HCV_IRES,282,A,0.021053435268396665,0.25690532482023887,False
HCV_IRES,294,A,0.01569680940303085,0.5557227963602195,False
HCV_IRES,305,A,0.011849254726911979,0.6754943655866248,True
HCV_IRES,25,C,0.008109211105628195,0.20299117850258677,False
HCV_IRES,26,C,0.011158729689440887,0.1686188849799076,False
HCV_IRES,27,C,0.0071200583466564105,0.5787089094424444,True
HCV_IRES,28,C,0.004142447106935485,0.9074146884201683,True
HCV_IRES,38,C,0.008162268648573535,0.6322355269001984,False
HCV_IRES,41,C,0.004884662582719385,0.4119421110692209,True
HCV_IRES,45,C,0.002957294109287288,0.7795878502281894,False
HCV_IRES,48,C,0.0019536508619664135,0.6313234628736006,True
HCV_IRES,50,C,0.0038421351504826797,0.8249285887194888,True
HCV_IRES,52,C,0.0012219331899657037,0.8771577150010478,True
HCV_IRES,59,C,0.0043220795899087,0.9311239047569319,True
HCV_IRES,62,C,0.002776778018570847,0.7212799651606414,True
HCV_IRES,66,C,0.032803345596305995,0.03349595888720292,False
HCV_IRES,67,C,0.041247903794123776,0.017291081234087496,False
HCV_IRES,72,C,0.003346966312937877,0.9803844483056253,True
HCV_IRES,87,C,0.004718880161049009,0.7005758388400969,True
HCV_IRES,91,C,0.0013733078177050107,0.9810315917505292,False
HCV_IRES,94,C,0.003068861517066074,0.755209014967898,True
HCV_IRES,95,C,0.004010426229805485,0.9860706346657973,True
HCV_IRES,97,C,0.001797498367004516,0.9546062819143488,True
HCV_IRES,98,C,0.0015500607413201056,0.9439086679486318,True
HCV_IRES,102,C,0.00817375433835197,0.2864879505676627,False
HCV_IRES,103,C,0.0033119050253555453,0.22447441502372897,False
HCV_IRES,104,C,0.008527135677645216,0.16340825865925654,False
HCV_IRES,105,C,0.008040287271695165,0.1567378325290631,False
HCV_IRES,106,C,0.009495136440719336,0.02283244633088698,False
HCV_IRES,107,C,0.013189170300639805,0.008502258222477382,False
HCV_IRES,108,C,0.005488162832489603,0.41779365005026403,True
HCV_IRES,109,C,0.015218493191992796,0.4537979014992194,True
HCV_IRES,111,C,0.004195079467463739,0.661432835490445,True
HCV_IRES,112,C,0.0026081430694578885,0.8410652503794449,True
HCV_IRES,113,C,0.002790594985599028,0.7264465897731808,True
HCV_IRES,121,C,0.0063680747187433665,0.7120847551007792,True
HCV_IRES,122,C,0.0034267119411431806,0.8021994461895835,True
HCV_IRES,131,C,0.002370836624980272,0.9389913638684254,True
HCV_IRES,134,C,0.002947849919495842,0.7582183083154722,True
HCV_IRES,139,C,0.00795560971616823,0.7615485512898431,True
HCV_IRES,140,C,0.004193432958378417,0.8090443501995833,True
HCV_IRES,149,C,0.003187420314492138,0.9037406045477676,True
HCV_IRES,151,C,0.0010641890214228254,0.9958880057989914,True
HCV_IRES,152,C,0.001003321889503465,0.9987472748255489,True
HCV_IRES,160,C,0.004701009545704433,0.839443772828104,True
HCV_IRES,161,C,0.0036692310662367997,0.885347231033188,True
HCV_IRES,166,C,0.018219135043575665,0.09559960136498814,False
HCV_IRES,169,C,0.012983104575172688,0.10687470837732364,False
HCV_IRES,170,C,0.0022398259179389336,0.8747466507642369,True
HCV_IRES,175,C,0.0035106182502617485,0.8924071704525438,False
HCV_IRES,176,C,0.00043809782989279004,0.8889054304477679,False
HCV_IRES,180,C,0.01771942301107464,0.09967954322575208,False
HCV_IRES,187,C,0.017220844590053883,0.1469686600251688,False
HCV_IRES,191,C,0.003187249012762792,0.8866874831479978,True
HCV_IRES,192,C,2.88010854809105e-05,0.9771125211171572,True
HCV_IRES,193,C,0.0033074782263901163,0.8647313117138469,True
HCV_IRES,195,C,0.019636144133776914,0.02217510954770933,False
HCV_IRES,197,C,0.007616712991266128,0.727820353495774,True
HCV_IRES,202,C,0.0020299622599764286,0.9975666699697914,True
HCV_IRES,203,C,0.0006659457514874016,0.9975606675798518,True
HCV_IRES,216,C,0.0032726329654497338,0.20512249405074884,False
HCV_IRES,220,C,0.002367134178567573,0.9737031293121803,True
HCV_IRES,221,C,-3.246347326487341e-05,0.8847723172057287,True
HCV_IRES,222,C,0.0039765978848306785,0.8779916320863218,True
HCV_IRES,223,C,0.0013635664343366626,0.9454932207699346,True
HCV_IRES,224,C,0.0016072741578623461,0.9136663359002697,True
HCV_IRES,226,C,0.0027348584788613873,0.7954027271186056,True
HCV_IRES,231,C,0.004558463117479039,0.5714383499030015,True
HCV_IRES,234,C,0.004833314370235522,0.6757559682317485,True
HCV_IRES,238,C,0.0038947385936446022,0.7180537628198267,True
HCV_IRES,239,C,0.004838148371115946,0.8818381814471048,True
HCV_IRES,254,C,0.00686008540424141,0.9421283370818733,True
HCV_IRES,256,C,0.005123189920789585,0.5935172872455763,True
HCV_IRES,263,C,0.0016144840201258595,0.8437835727895696,True
HCV_IRES,264,C,0.0006378227309516999,0.8312965184048433,False
HCV_IRES,273,C,0.007192389707353606,0.6321263454355937,True
HCV_IRES,276,C,0.004419352164691489,0.8223390444822419,True
HCV_IRES,277,C,0.002226973887241713,0.779234269187174,True
HCV_IRES,288,C,0.003113267123506543,0.6215840893017904,True
HCV_IRES,292,C,0.005374936708497628,0.5699297886030235,False
HCV_IRES,298,C,0.0012834853438880287,0.8269602255789933,True
HCV_IRES,299,C,-0.0003346385287374778,0.9606781965442776,True
HCV_IRES,300,C,0.0021691235005472115,0.8728689344846877,True
HCV_IRES,301,C,0.0018322008327507086,0.857639611205905,True
V_chol_gly_riboswitch,26,A,0.015461643268846657,0.5598578879641926,True
V_chol_gly_riboswitch,31,A,0.021685781918503216,0.18158552748028153,False
V_chol_gly_riboswitch,35,A,0.011844780034844645,0.45621729430756064,False
V_chol_gly_riboswitch,36,A,0.01376451921519881,0.5505266292652181,True
V_chol_gly_riboswitch,37,A,0.009730596060271195,0.7068361221721451,True
V_chol_gly_riboswitch,39,A,0.010641943613381489,0.7774929630990154,True
V_chol_gly_riboswitch,40,A,0.013277310924369748,0.6135347806487979,True
V_chol_gly_riboswitch,48,A,0.01894233357024968,0.2881544506965389,False
V_chol_gly_riboswitch,49,A,0.018123846282933377,0.18282536422138806,False
V_chol_gly_riboswitch,51,A,0.018004169187222627,0.4888891712962317,True
V_chol_gly_riboswitch,52,A,0.01428842764072821,0.5367241052126749,True
V_chol_gly_riboswitch,55,A,0.009630465006885282,0.49130153906590435,False
V_chol_gly_riboswitch,56,A,0.019432735829334576,0.2996719485531398,False
V_chol_gly_riboswitch,57,A,0.01783052290481012,0.2308014270310735,False
V_chol_gly_riboswitch,64,A,0.018554102357486724,0.10575382304876613,False
V_chol_gly_riboswitch,70,A,0.019812292882440668,0.20086467868852323,False
V_chol_gly_riboswitch,73,A,0.010566963960327823,0.8433683795935688,True
V_chol_gly_riboswitch,79,A,0.0445366617018661,0.0036738041647722645,False
V_chol_gly_riboswitch,83,A,0.011420963297076342,0.6757624700528304,True
V_chol_gly_riboswitch,85,A,0.026210559249697812,0.06227328478424462,False
V_chol_gly_riboswitch,87,A,0.02281803970227905,0.02278147939707349,False
V_chol_gly_riboswitch,93,A,0.011602230224722575,0.4409310979669038,True
V_chol_gly_riboswitch,94,A,0.019528127892750338,0.4344213463214641,True
V_chol_gly_riboswitch,97,A,0.01875003508417395,0.6106431509180624,True
V_chol_gly_riboswitch,98,A,0.007730409849677364,0.7454363976128433,True
V_chol_gly_riboswitch,100,A,0.012305172486356814,0.7400793903084615,True
V_chol_gly_riboswitch,101,A,0.007655228303407578,0.7799493405141524,True
V_chol_gly_riboswitch,105,A,0.017597518476594444,0.47649549984911516,False
V_chol_gly_riboswitch,108,A,0.017814078538216878,0.2593846051599311,False
V_chol_gly_riboswitch,113,A,0.006849186730825057,0.7574478198934236,True
V_chol_gly_riboswitch,119,A,0.021461656995308998,0.12519963752448468,False
V_chol_gly_riboswitch,122,A,0.02242574092250459,0.11963446378663134,False
V_chol_gly_riboswitch,123,A,0.029199006759866784,0.00823394277448299,False
V_chol_gly_riboswitch,131,A,0.01358632461935037,0.6306155971085798,False
V_chol_gly_riboswitch,133,A,0.017258713136729224,0.5571385445659295,False
V_chol_gly_riboswitch,135,A,0.02098731527668118,0.21730550906168364,False
V_chol_gly_riboswitch,136,A,0.014191908922788756,0.6115381432117687,True
V_chol_gly_riboswitch,143,A,0.026774489603688646,0.080540476448872,False
V_chol_gly_riboswitch,144,A,0.019444445546449904,0.09859501633105568,False
V_chol_gly_riboswitch,155,A,0.022649712562237984,0.407819171542136,False
V_chol_gly_riboswitch,156,A,0.017115970905250015,0.14779216253846578,False
V_chol_gly_riboswitch,159,A,0.012351442605210912,0.6556450330452674,True
V_chol_gly_riboswitch,162,A,0.014535734446788129,0.34717260188123167,False
V_chol_gly_riboswitch,163,A,0.06388478877248645,0.0040833672473392394,False
V_chol_gly_riboswitch,173,A,0.02624053826745164,0.003973691260337779,False
V_chol_gly_riboswitch,175,A,0.014846162218924683,0.06893575913434964,False
V_chol_gly_riboswitch,179,A,0.00997295600585931,0.806364550584944,True
V_chol_gly_riboswitch,181,A,0.008536702926921711,0.7911438745200785,True
V_chol_gly_riboswitch,185,A,0.009435551811288963,0.40148064525038013,False
V_chol_gly_riboswitch,186,A,0.01969348632364098,0.10096914482175998,False
V_chol_gly_riboswitch,187,A,0.020450238622935598,0.15314285126286334,False
V_chol_gly_riboswitch,25,C,0.01327737720497373,0.003531934346444242,False
V_chol_gly_riboswitch,28,C,0.002738694684475001,0.924507626733057,True
V_chol_gly_riboswitch,33,C,0.004421654098439359,0.4050986103911771,False
V_chol_gly_riboswitch,34,C,0.004277361010104961,0.40662521654959805,False
V_chol_gly_riboswitch,41,C,0.006026359830778587,0.6252325866771383,True
V_chol_gly_riboswitch,42,C,0.0035763049130814904,0.9002803265402819,True
V_chol_gly_riboswitch,43,C,0.006359439964245302,0.7307728715045733,False
V_chol_gly_riboswitch,45,C,0.003789068518738295,0.8480582843006788,True
V_chol_gly_riboswitch,46,C,0.002542786091428327,0.8799061711108597,True
V_chol_gly_riboswitch,59,C,0.004744333157617291,0.5711023090609093,True
V_chol_gly_riboswitch,63,C,0.0050740204192889615,0.7105001226009939,False
V_chol_gly_riboswitch,69,C,0.00607925099741231,0.7223717186351647,True
V_chol_gly_riboswitch,76,C,0.007001990242540205,0.7934086659987515,True
V_chol_gly_riboswitch,81,C,0.0025808792772939967,0.9404882808250674,True
V_chol_gly_riboswitch,82,C,0.0038474406155904984,0.8435403460612091,True
V_chol_gly_riboswitch,92,C,0.004126913269168502,0.8872353949399948,True
V_chol_gly_riboswitch,95,C,0.025997485282529088,0.009617340303127005,False
V_chol_gly_riboswitch,103,C,0.0018807723054754155,0.8731379920445183,True
V_chol_gly_riboswitch,109,C,0.0053147987948991005,0.5179544693280231,True
V_chol_gly_riboswitch,124,C,0.0035667801085901563,0.7824387513306541,True
V_chol_gly_riboswitch,125,C,0.0033037606451498617,0.8513014299263557,True
V_chol_gly_riboswitch,127,C,0.003900895502154412,0.8511275520161419,True
V_chol_gly_riboswitch,137,C,0.0033993755781887187,0.8520232400071174,True
V_chol_gly_riboswitch,138,C,0.0015820427056417734,0.838827476695469,True
V_chol_gly_riboswitch,146,C,0.0008470931821951463,0.8644326201773094,True
V_chol_gly_riboswitch,150,C,0.004390881689681594,0.6117751506492698,False
V_chol_gly_riboswitch,152,C,0.0034316937768479995,0.8878019759448053,True
V_chol_gly_riboswitch,153,C,0.0011278066785383781,0.8427134946886095,True
V_chol_gly_riboswitch,161,C,0.006176165711003441,0.6883985690352626,False
V_chol_gly_riboswitch,165,C,0.0013215815967663174,0.9193168424279835,True
V_chol_gly_riboswitch,167,C,0.0015151769499121173,0.9680737628009117,True
V_chol_gly_riboswitch,170,C,0.0018059586863183215,0.8319877086926258,True
V_chol_gly_riboswitch,172,C,0.01948897709961619,0.014486761908147378,False
V_chol_gly_riboswitch,178,C,0.0017544416814372927,0.873799728586694,True
V_chol_gly_riboswitch,188,C,0.0019531734716924203,0.6773145101965935,True
