rep,conc_mM,pos,ref_nt,mut_rate
1,0,18,G,3.9013732833957553e-05
1,0,19,G,2.8875445764693994e-05
1,0,20,C,5.7040998217468804e-05
1,0,21,A,0.0003235608575769512
1,0,22,U,9.7988437364391e-05
1,0,23,U,0.00038023166309619864
1,0,24,A,0.0001786655061044048
1,0,25,U,0.00042182801210147457
1,0,26,G,0.0012229723119068585
1,0,27,C,0.00042461905920339695
1,0,28,C,0.0002861003640076939
1,0,29,A,0.0005350082426066646
1,0,30,C,0.0008542635121071255
1,0,31,A,0.0011585999324506312
1,0,32,G,0.0013612560990654127
1,0,33,C,0.0005084379515034934
1,0,34,C,0.0005916434587476599
1,0,35,A,0.0006678988490296564
1,0,36,A,0.0012183174658996709
1,0,37,U,0.004343498702780588
1,0,38,C,0.002587585404855357
1,0,39,C,0.0016073923562311182
1,0,40,C,0.0018726976291483742
1,0,41,C,0.0009257135367172395
1,0,42,A,0.0010492322640962518
1,0,43,C,0.0014781815516426954
1,0,44,U,0.001745944738818848
1,0,45,U,0.0022549926185493423
1,0,46,C,0.0014410621761658032
1,0,47,A,0.0004770510161590925
1,0,48,A,0.0007945182275387277
1,0,49,C,0.0016464516752343879
1,0,50,U,0.0023649109845899348
1,0,51,C,0.0029735545999927866
1,0,52,A,0.001175529788084766
1,0,53,C,0.0013987407348370127
1,0,54,A,0.0003818372736818659
1,0,55,A,0.0007178836314599611
1,0,56,C,0.0013943962699899779
1,0,57,U,0.0006254899011092548
1,0,58,A,0.001353228161390264
1,0,59,U,0.001424197108879869
1,0,60,U,0.0017679863940196971
1,0,61,C,0.002541853616112901
1,0,62,C,0.002758173757043617
1,0,63,A,0.001635167960187215
1,0,64,A,0.001062237649019306
1,0,65,A,0.0005922790503002854
1,0,66,A,0.0009948402531315755
1,0,67,A,0.0014208918464489544
1,0,68,A,0.0026126353676633094
1,0,69,U,0.005866479402226658
1,0,70,U,0.003120167881599293
1,0,71,G,0.0036718740756224635
1,0,72,G,0.004834689885797211
1,0,73,A,0.004384564126221823
1,0,74,A,0.005117872731358997
1,0,75,U,0.0036392741954562303
1,0,76,A,0.0025353290013248376
1,0,77,G,0.004570027088944004
1,0,78,U,0.00707788034241957
1,0,79,U,0.0017863621307001908
1,0,80,G,0.005420738467122471
1,0,81,U,0.006632157877709479
1,0,82,G,0.009536247208566447
1,0,83,A,0.004517709817042617
1,0,84,G,0.006948335319323554
1,0,85,U,0.006546160493388733
1,0,86,U,0.002403030422601902
1,0,87,G,0.005536132835620654
1,0,88,A,0.002209770341725199
1,0,89,A,0.0035199595914952725
1,0,90,G,0.008401437991547262
1,0,91,U,0.007636088112958856
1,0,92,G,0.005245396956959327
1,0,93,G,0.004378847285233137
1,0,94,G,0.004613901749174396
1,0,95,G,0.006232955219161298
1,0,96,A,0.013635644816952636
1,0,97,U,0.005714195326618659
1,0,98,U,0.015543119302339379
1,0,99,A,0.013967044586037708
1,0,100,A,0.0028080097587250288
1,0,101,A,0.000617878064140496
1,0,102,A,0.0006139853990310914
1,0,103,A,0.00114482649342418
1,0,104,A,0.004349961967545639
1,0,105,U,0.007449084713527221
1,0,106,C,0.0036495916499245116
1,0,107,C,0.0018667734149270532
1,0,108,C,0.0013635372693580673
1,0,109,C,0.0027276367485618456
1,0,110,A,0.0018003013720358475
1,0,111,C,0.0019992145942665383
1,0,112,U,0.0020481961187477425
1,0,113,U,0.001963839903318651
1,0,114,C,0.001507719603935188
1,0,115,A,0.0004381475123179198
1,0,116,A,0.00056227718271217
1,0,117,C,0.001759685251762678
1,0,118,U,0.0027847585410582082
1,0,119,C,0.0030034353541534193
1,0,120,A,0.0014452197654820668
1,0,121,C,0.0016590194153359114
1,0,122,A,0.0008682474666066397
1,0,123,A,0.0010828740846896097
1,0,124,C,0.002229479116271569
1,0,125,U,0.0012575707789231137
1,0,126,A,0.00305966760883704
1,0,127,U,0.00274619923551751
1,0,128,U,0.0026778138774496618
1,0,129,C,0.004644625831105271
1,0,130,C,0.0009440779992230154
1,0,131,A,0.0007148924717617474
1,0,132,A,0.0006288140314153802
1,0,133,C,0.0008302359147283851
1,0,134,C,0.0005309276125523374
1,0,135,U,0.00020053184532891583
1,0,136,C,0.0007646713018418412
1,0,137,C,0.00041264009796874583
1,0,138,A,0.0008439614112112193
1,0,139,G,0.0014141970929891067
1,0,140,C,0.0008941945440515637
1,0,141,A,0.0014285256424931435
1,0,142,G,0.0018726852173751815
1,0,143,A,0.0012886839490899547
1,0,144,C,0.00020312625477700988
1,0,145,C,0.00023844166208436942
1,0,146,A,0.0
1,0,147,U,0.0
2,0,18,G,0.0
2,0,19,G,4.178505766337958e-05
2,0,20,C,4.086469698827183e-05
2,0,21,A,4.039914353815699e-05
2,0,22,U,0.0
2,0,23,U,0.0004005126561999359
2,0,24,A,7.91671614614258e-05
2,0,25,U,0.0005907372400756144
2,0,26,G,0.0018728053062817011
2,0,27,C,0.0005047955577990914
2,0,28,C,0.0003089996137504828
2,0,29,A,0.0003060092567800176
2,0,30,C,0.0006105705018126312
2,0,31,A,0.0005282022259950952
2,0,32,G,0.0017659878259562636
2,0,33,C,0.0007109714114653496
2,0,34,C,0.0007835236176404746
2,0,35,A,0.0014835694681403456
2,0,36,A,0.0018098544729260545
2,0,37,U,0.0046395169010972825
2,0,38,C,0.0025710717696319696
2,0,39,C,0.0017538090540392415
2,0,40,C,0.0024052478134110786
2,0,41,C,0.0012736999162997198
2,0,42,A,0.0015954168026396896
2,0,43,C,0.0018816717930161028
2,0,44,U,0.0023462315911059774
2,0,45,U,0.0023794073112697383
2,0,46,C,0.0015844436442203817
2,0,47,A,0.0007192692224699705
2,0,48,A,0.000933036675518553
2,0,49,C,0.0017899974940035084
2,0,50,U,0.002966616627350061
2,0,51,C,0.004104797258709309
2,0,52,A,0.0012469272150771313
2,0,53,C,0.0013141537915112769
2,0,54,A,0.0007092198581560284
2,0,55,A,0.0008492569002123143
2,0,56,C,0.0019802680434244492
2,0,57,U,0.0005655308921249824
2,0,58,A,0.002013991944032224
2,0,59,U,0.0019079249549517718
2,0,60,U,0.002225597908644505
2,0,61,C,0.003284362198050572
2,0,62,C,0.004024713150926743
2,0,63,A,0.0027888586860592367
2,0,64,A,0.001976842699802316
2,0,65,A,0.0007059155724975293
2,0,66,A,0.0011647195849362935
2,0,67,A,0.0020115753811405985
2,0,68,A,0.00314065918554591
2,0,69,U,0.005606883419140983
2,0,70,U,0.002997179125528914
2,0,71,G,0.004266271772089415
2,0,72,G,0.005570834214794443
2,0,73,A,0.005182625863770977
2,0,74,A,0.0056409533211112676
2,0,75,U,0.003596107742208433
2,0,76,A,0.0028910905052356942
2,0,77,G,0.005218249770820111
2,0,78,U,0.007792116211832734
2,0,79,U,0.0016926440510614288
2,0,80,G,0.005966250088258137
2,0,81,U,0.007307773776742216
2,0,82,G,0.011792119757096455
2,0,83,A,0.004908018784647435
2,0,84,G,0.007485611383778822
2,0,85,U,0.005861581920903955
2,0,86,U,0.002577683615819209
2,0,87,G,0.006002824858757062
2,0,88,A,0.002365819209039548
2,0,89,A,0.0042374377626328615
2,0,90,G,0.008686747413397367
2,0,91,U,0.00780394787951552
2,0,92,G,0.005544372638344458
2,0,93,G,0.004663487016428193
2,0,94,G,0.004136029411764706
2,0,95,G,0.0057294429708222815
2,0,96,A,0.013371537726838587
2,0,97,U,0.005201146375119414
2,0,98,U,0.018508033123363295
2,0,99,A,0.017256041386152648
2,0,100,A,0.0033310889826003755
2,0,101,A,0.0007087423367234842
2,0,102,A,0.0006025591039591678
2,0,103,A,0.00152422813796037
2,0,104,A,0.005529953917050691
2,0,105,U,0.008827908955541374
2,0,106,C,0.003652093748891962
2,0,107,C,0.002056883466912547
2,0,108,C,0.0014895729890764648
2,0,109,C,0.0021990494431439315
2,0,110,A,0.001773867385674247
2,0,111,C,0.0013840584853431754
2,0,112,U,0.00205995169768433
2,0,113,U,0.0018854500177872644
2,0,114,C,0.001708549868299281
2,0,115,A,0.0009976839479779085
2,0,116,A,0.0009630818619582664
2,0,117,C,0.0028906891260126336
2,0,118,U,0.003321665833273805
2,0,119,C,0.005650525713468278
2,0,120,A,0.002218961382913997
2,0,121,C,0.002650429799426934
2,0,122,A,0.0008616975441619991
2,0,123,A,0.0013660711075960744
2,0,124,C,0.002016056449580588
2,0,125,U,0.0018471568272365084
2,0,126,A,0.003137083242139053
2,0,127,U,0.0023558860340131046
2,0,128,U,0.0028781225785026385
2,0,129,C,0.004372637663973913
2,0,130,C,0.0018204785257839202
2,0,131,A,0.0016827462418667265
2,0,132,A,0.0015782946901657208
2,0,133,C,0.0017501141378785572
2,0,134,C,0.0006905017646156207
2,0,135,U,0.00034767828169667003
2,0,136,C,0.0009782055796846265
2,0,137,C,0.0012181225195489018
2,0,138,A,0.0005135903919089759
2,0,139,G,0.0015489098057905398
2,0,140,C,0.0008380222674488208
2,0,141,A,0.0014435800785949154
2,0,142,G,0.0016613988167598671
2,0,143,A,0.0020515345478417856
2,0,144,C,0.00037240865643232507
2,0,145,C,0.0
2,0,146,A,0.0
2,0,147,U,0.0
1,100,18,G,7.625180038973142e-05
1,100,19,G,0.00015919697693319592
1,100,20,C,0.00014843646919118617
1,100,21,A,0.0002768955126638977
1,100,22,U,0.00015418698824121337
1,100,23,U,0.0003878787878787879
1,100,24,A,0.00015188092535452206
1,100,25,U,0.00039749419658472986
1,100,26,G,0.0011246912997656237
1,100,27,C,0.0006488531715630326
1,100,28,C,0.0004046031387866574
1,100,29,A,0.00045506783595961465
1,100,30,C,0.0007234998922446969
1,100,31,A,0.0007978359649256113
1,100,32,G,0.0014069485102230694
1,100,33,C,0.0011992940005129055
1,100,34,C,0.0034330111121149156
1,100,35,A,0.027635573211408013
1,100,36,A,0.01703139368836587
1,100,37,U,0.007083807695455797
1,100,38,C,0.011190233977619531
1,100,39,C,0.010354964030902403
1,100,40,C,0.015482293323905485
1,100,41,C,0.015158083453956311
1,100,42,A,0.015951639494412896
1,100,43,C,0.01567787628730348
1,100,44,U,0.004263258003629235
1,100,45,U,0.005465952429473929
1,100,46,C,0.01006131225663974
1,100,47,A,0.01021140805743917
1,100,48,A,0.010084883510926495
1,100,49,C,0.015532805486913107
1,100,50,U,0.005485038194245018
1,100,51,C,0.01136542675852586
1,100,52,A,0.009177260391372661
1,100,53,C,0.012444033828441475
1,100,54,A,0.007803853684837821
1,100,55,A,0.007910083766302619
1,100,56,C,0.010927302008871811
1,100,57,U,0.001411472448057814
1,100,58,A,0.005635769857448174
1,100,59,U,0.00308905360706956
1,100,60,U,0.0032297190567527924
1,100,61,C,0.008234108100867825
1,100,62,C,0.008372860092890821
1,100,63,A,0.003881511746680286
1,100,64,A,0.019340888441248354
1,100,65,A,0.02869677891860678
1,100,66,A,0.021877354438490624
1,100,67,A,0.0402399189006533
1,100,68,A,0.04275748467164589
1,100,69,U,0.00732608466167001
1,100,70,U,0.004046446164672765
1,100,71,G,0.009984871406959153
1,100,72,G,0.012932368917283499
1,100,73,A,0.011903673113317059
1,100,74,A,0.007598035767049852
1,100,75,U,0.004643178748311571
1,100,76,A,0.004453543838912576
1,100,77,G,0.015418285199572144
1,100,78,U,0.008381657471005517
1,100,79,U,0.0030124721979785467
1,100,80,G,0.021053150924379226
1,100,81,U,0.007732431098893353
1,100,82,G,0.012253156703632941
1,100,83,A,0.006564381707162298
1,100,84,G,0.015231647979691136
1,100,85,U,0.006741604727585574
1,100,86,U,0.002771509167842031
1,100,87,G,0.009048529173219739
1,100,88,A,0.003484050243671935
1,100,89,A,0.004379840040624603
1,100,90,G,0.047390657290571944
1,100,91,U,0.006982993941018389
1,100,92,G,0.007457105768145389
1,100,93,G,0.007129394989658848
1,100,94,G,0.00801457452142045
1,100,95,G,0.011205312985728416
1,100,96,A,0.014943731267318894
1,100,97,U,0.00633506557782727
1,100,98,U,0.016703439692238062
1,100,99,A,0.014374181676633993
1,100,100,A,0.010349196910814274
1,100,101,A,0.018640839935149985
1,100,102,A,0.017192423437776598
1,100,103,A,0.01584873592521776
1,100,104,A,0.013336827492421452
1,100,105,U,0.009550462290552269
1,100,106,C,0.009140638285811463
1,100,107,C,0.007122709039107571
1,100,108,C,0.006840236183077326
1,100,109,C,0.007331669408361223
1,100,110,A,0.015545437782789384
1,100,111,C,0.011073906442871128
1,100,112,U,0.003358635527689216
1,100,113,U,0.0034920273672531753
1,100,114,C,0.009743148125742835
1,100,115,A,0.013958757891436633
1,100,116,A,0.015904260630179582
1,100,117,C,0.019875253347035483
1,100,118,U,0.005299633102323685
1,100,119,C,0.017433656842029868
1,100,120,A,0.020460119619626797
1,100,121,C,0.02464136475250937
1,100,122,A,0.018392409801606727
1,100,123,A,0.03106436357344714
1,100,124,C,0.02091862891637603
1,100,125,U,0.002325649213361912
1,100,126,A,0.017855310415597743
1,100,127,U,0.0037050978308202144
1,100,128,U,0.003701446388488353
1,100,129,C,0.012664477375244051
1,100,130,C,0.0016434902028472154
1,100,131,A,0.0010925832435405725
1,100,132,A,0.001526244607143127
1,100,133,C,0.0019123955230135087
1,100,134,C,0.0005978844090142573
1,100,135,U,0.00014686330890764616
1,100,136,C,0.0011677939666590903
1,100,137,C,0.0004091878408259299
1,100,138,A,0.0008761938140716726
1,100,139,G,0.0021072873682945396
1,100,140,C,0.0011672650577192445
1,100,141,A,0.0017259121810506187
1,100,142,G,0.0027162094517524066
1,100,143,A,0.0017232193400153176
1,100,144,C,0.0004035512510088781
1,100,145,C,0.00024159174446496056
1,100,146,A,0.0
1,100,147,U,0.0
2,100,18,G,0.0
2,100,19,G,0.0
2,100,20,C,0.0
2,100,21,A,0.0
2,100,22,U,0.0007680491551459293
2,100,23,U,0.0007598784194528875
2,100,24,A,0.0
2,100,25,U,0.0
2,100,26,G,0.0
2,100,27,C,0.0007401924500370096
2,100,28,C,0.0007352941176470588
2,100,29,A,0.00145985401459854
2,100,30,C,0.0014492753623188406
2,100,31,A,0.0
2,100,32,G,0.002844950213371266
2,100,33,C,0.0021201413427561835
2,100,34,C,0.0028109627547434997
2,100,35,A,0.022821576763485476
2,100,36,A,0.012048192771084338
2,100,37,U,0.008793969849246231
2,100,38,C,0.010006253908692933
2,100,39,C,0.008722741433021807
2,100,40,C,0.016749379652605458
2,100,41,C,0.013555144793592114
2,100,42,A,0.011592434411226357
2,100,43,C,0.015188335358444714
2,100,44,U,0.007290400972053463
2,100,45,U,0.0036341611144760752
2,100,46,C,0.010882708585247884
2,100,47,A,0.00724200362100181
2,100,48,A,0.007817197835237523
2,100,49,C,0.016766467065868262
2,100,50,U,0.0023880597014925373
2,100,51,C,0.00954653937947494
2,100,52,A,0.007733491969066032
2,100,53,C,0.011883541295306001
2,100,54,A,0.0076968620485494375
2,100,55,A,0.010053222945002957
2,100,56,C,0.007096392667060911
2,100,57,U,0.0011827321111768185
2,100,58,A,0.0035481963335304554
2,100,59,U,0.0035481963335304554
2,100,60,U,0.002362669816893089
2,100,61,C,0.008259587020648967
2,100,62,C,0.00530035335689046
2,100,63,A,0.002944640753828033
2,100,64,A,0.015891701000588582
2,100,65,A,0.021176470588235293
2,100,66,A,0.01588235294117647
2,100,67,A,0.029411764705882353
2,100,68,A,0.033529411764705884
2,100,69,U,0.005875440658049354
2,100,70,U,0.0017626321974148062
2,100,71,G,0.00763807285546416
2,100,72,G,0.013505578391074574
2,100,73,A,0.011156782149148562
2,100,74,A,0.007046388725778039
2,100,75,U,0.002935995302407516
2,100,76,A,0.006462984723854289
2,100,77,G,0.007050528789659225
2,100,78,U,0.005287896592244419
2,100,79,U,0.004700352526439483
2,100,80,G,0.022954679223072396
2,100,81,U,0.00824014125956445
2,100,82,G,0.012360211889346674
2,100,83,A,0.006474396703943496
2,100,84,G,0.017068864037669218
2,100,85,U,0.00529723366686286
2,100,86,U,0.0017657445556209534
2,100,87,G,0.011771630370806356
2,100,88,A,0.00529723366686286
2,100,89,A,0.00529723366686286
2,100,90,G,0.047675103001765744
2,100,91,U,0.004120070629782225
2,100,92,G,0.0088339222614841
2,100,93,G,0.004714201532115498
2,100,94,G,0.01061320754716981
2,100,95,G,0.015339233038348082
2,100,96,A,0.011806375442739079
2,100,97,U,0.005312868949232586
2,100,98,U,0.011813349084465446
2,100,99,A,0.010053222945002957
2,100,100,A,0.01655824955647546
2,100,101,A,0.020710059171597635
2,100,102,A,0.0076968620485494375
2,100,103,A,0.011255924170616114
2,100,104,A,0.011848341232227487
2,100,105,U,0.011848341232227487
2,100,106,C,0.010071090047393365
2,100,107,C,0.005924170616113744
2,100,108,C,0.008886255924170616
2,100,109,C,0.007701421800947867
2,100,110,A,0.02014218009478673
2,100,111,C,0.007701421800947867
2,100,112,U,0.0017783046828689982
2,100,113,U,0.0029708853238265003
2,100,114,C,0.008318478906714201
2,100,115,A,0.016646848989298454
2,100,116,A,0.01429422275163788
2,100,117,C,0.023228111971411555
2,100,118,U,0.005963029218843173
2,100,119,C,0.01373134328358209
2,100,120,A,0.020933014354066987
2,100,121,C,0.023353293413173652
2,100,122,A,0.019831730769230768
2,100,123,A,0.03431667670078266
2,100,124,C,0.020531400966183576
2,100,125,U,0.0018248175182481751
2,100,126,A,0.017737003058103974
2,100,127,U,0.0024737167594310453
2,100,128,U,0.003101736972704715
2,100,129,C,0.016875
2,100,130,C,0.0018820577164366374
2,100,131,A,0.0012706480304955528
2,100,132,A,0.0038363171355498722
2,100,133,C,0.005218525766470972
2,100,134,C,0.0
2,100,135,U,0.0006738544474393531
2,100,136,C,0.0
2,100,137,C,0.0
2,100,138,A,0.0013966480446927375
2,100,139,G,0.004210526315789474
2,100,140,C,0.0021231422505307855
2,100,141,A,0.0
2,100,142,G,0.0021691973969631237
2,100,143,A,0.001466275659824047
2,100,144,C,0.0
2,100,145,C,0.0
2,100,146,A,0.0
2,100,147,U,0.0
1,20,18,G,0.0
1,20,19,G,0.0
1,20,20,C,0.0017921146953405018
1,20,21,A,0.0
1,20,22,U,0.0
1,20,23,U,0.0
1,20,24,A,0.0
1,20,25,U,0.0
1,20,26,G,0.0
1,20,27,C,0.0
1,20,28,C,0.0
1,20,29,A,0.0
1,20,30,C,0.0016778523489932886
1,20,31,A,0.0
1,20,32,G,0.003316749585406302
1,20,33,C,0.001658374792703151
1,20,34,C,0.0016556291390728477
1,20,35,A,0.006546644844517185
1,20,36,A,0.0016286644951140066
1,20,37,U,0.0032310177705977385
1,20,38,C,0.0
1,20,39,C,0.003194888178913738
1,20,40,C,0.001597444089456869
1,20,41,C,0.004761904761904762
1,20,42,A,0.007874015748031496
1,20,43,C,0.0015698587127158557
1,20,44,U,0.0
1,20,45,U,0.0031007751937984496
1,20,46,C,0.0
1,20,47,A,0.004601226993865031
1,20,48,A,0.004601226993865031
1,20,49,C,0.0030441400304414
1,20,50,U,0.0045662100456621
1,20,51,C,0.006069802731411229
1,20,52,A,0.004545454545454545
1,20,53,C,0.010574018126888218
1,20,54,A,0.007541478129713424
1,20,55,A,0.0045045045045045045
1,20,56,C,0.006006006006006006
1,20,57,U,0.0014947683109118087
1,20,58,A,0.0029895366218236174
1,20,59,U,0.0029895366218236174
1,20,60,U,0.005979073243647235
1,20,61,C,0.0029895366218236174
1,20,62,C,0.007473841554559043
1,20,63,A,0.0029895366218236174
1,20,64,A,0.005979073243647235
1,20,65,A,0.004484304932735426
1,20,66,A,0.01046337817638266
1,20,67,A,0.01195814648729447
1,20,68,A,0.004484304932735426
1,20,69,U,0.0014947683109118087
1,20,70,U,0.0029895366218236174
1,20,71,G,0.005979073243647235
1,20,72,G,0.0014925373134328358
1,20,73,A,0.004477611940298508
1,20,74,A,0.004477611940298508
1,20,75,U,0.0
1,20,76,A,0.0014925373134328358
1,20,77,G,0.007462686567164179
1,20,78,U,0.008968609865470852
1,20,79,U,0.0014947683109118087
1,20,80,G,0.008968609865470852
1,20,81,U,0.004484304932735426
1,20,82,G,0.005979073243647235
1,20,83,A,0.0029895366218236174
1,20,84,G,0.017937219730941704
1,20,85,U,0.005979073243647235
1,20,86,U,0.0029895366218236174
1,20,87,G,0.0029895366218236174
1,20,88,A,0.0
1,20,89,A,0.0029895366218236174
1,20,90,G,0.02391629297458894
1,20,91,U,0.008968609865470852
1,20,92,G,0.0029895366218236174
1,20,93,G,0.0014970059880239522
1,20,94,G,0.005997001499250375
1,20,95,G,0.013533834586466165
1,20,96,A,0.019548872180451128
1,20,97,U,0.006015037593984963
1,20,98,U,0.016541353383458645
1,20,99,A,0.01812688821752266
1,20,100,A,0.0030211480362537764
1,20,101,A,0.0
1,20,102,A,0.012084592145015106
1,20,103,A,0.004531722054380665
1,20,104,A,0.0030257186081694403
1,20,105,U,0.007564296520423601
1,20,106,C,0.006051437216338881
1,20,107,C,0.0030257186081694403
1,20,108,C,0.0045385779122541605
1,20,109,C,0.0015128593040847202
1,20,110,A,0.004545454545454545
1,20,111,C,0.0030303030303030303
1,20,112,U,0.0
1,20,113,U,0.004559270516717325
1,20,114,C,0.001519756838905775
1,20,115,A,0.0060790273556231
1,20,116,A,0.0015290519877675841
1,20,117,C,0.0030721966205837174
1,20,118,U,0.006153846153846154
1,20,119,C,0.0030864197530864196
1,20,120,A,0.0
1,20,121,C,0.007716049382716049
1,20,122,A,0.0046439628482972135
1,20,123,A,0.012403100775193798
1,20,124,C,0.006220839813374806
1,20,125,U,0.0031446540880503146
1,20,126,A,0.00949367088607595
1,20,127,U,0.0047694753577106515
1,20,128,U,0.0031847133757961785
1,20,129,C,0.011146496815286623
1,20,130,C,0.0
1,20,131,A,0.0016233766233766235
1,20,132,A,0.0016420361247947454
1,20,133,C,0.0
1,20,134,C,0.0
1,20,135,U,0.0
1,20,136,C,0.0017452006980802793
1,20,137,C,0.0
1,20,138,A,0.0
1,20,139,G,0.0
1,20,140,C,0.0017825311942959
1,20,141,A,0.0017985611510791368
1,20,142,G,0.0018181818181818182
1,20,143,A,0.001841620626151013
1,20,144,C,0.0
1,20,145,C,0.0
1,20,146,A,0.0
1,20,147,U,0.0
2,20,18,G,0.0
2,20,19,G,0.0
2,20,20,C,0.0
2,20,21,A,0.0
2,20,22,U,0.0
2,20,23,U,0.0
2,20,24,A,0.0
2,20,25,U,0.0
2,20,26,G,0.0041841004184100415
2,20,27,C,0.002074688796680498
2,20,28,C,0.0
2,20,29,A,0.0
2,20,30,C,0.0
2,20,31,A,0.006060606060606061
2,20,32,G,0.002008032128514056
2,20,33,C,0.0
2,20,34,C,0.005988023952095809
2,20,35,A,0.005893909626719057
2,20,36,A,0.001953125
2,20,37,U,0.009689922480620155
2,20,38,C,0.0019305019305019305
2,20,39,C,0.0057251908396946565
2,20,40,C,0.003795066413662239
2,20,41,C,0.0037735849056603774
2,20,42,A,0.0037593984962406013
2,20,43,C,0.0056179775280898875
2,20,44,U,0.0037313432835820895
2,20,45,U,0.0018656716417910447
2,20,46,C,0.0018587360594795538
2,20,47,A,0.0018587360594795538
2,20,48,A,0.0037105751391465678
2,20,49,C,0.0037105751391465678
2,20,50,U,0.0073937153419593345
2,20,51,C,0.0055248618784530384
2,20,52,A,0.005504587155963303
2,20,53,C,0.005484460694698354
2,20,54,A,0.0
2,20,55,A,0.0
2,20,56,C,0.007272727272727273
2,20,57,U,0.0
2,20,58,A,0.0
2,20,59,U,0.0
2,20,60,U,0.0036231884057971015
2,20,61,C,0.0018050541516245488
2,20,62,C,0.005415162454873646
2,20,63,A,0.0018050541516245488
2,20,64,A,0.0036101083032490976
2,20,65,A,0.009025270758122744
2,20,66,A,0.005415162454873646
2,20,67,A,0.007220216606498195
2,20,68,A,0.01263537906137184
2,20,69,U,0.0018050541516245488
2,20,70,U,0.005415162454873646
2,20,71,G,0.005415162454873646
2,20,72,G,0.007207207207207207
2,20,73,A,0.007207207207207207
2,20,74,A,0.007207207207207207
2,20,75,U,0.0018018018018018018
2,20,76,A,0.0036036036036036037
2,20,77,G,0.007207207207207207
2,20,78,U,0.0036036036036036037
2,20,79,U,0.0036036036036036037
2,20,80,G,0.005405405405405406
2,20,81,U,0.010810810810810811
2,20,82,G,0.009009009009009009
2,20,83,A,0.007207207207207207
2,20,84,G,0.014414414414414415
2,20,85,U,0.0036036036036036037
2,20,86,U,0.0018018018018018018
2,20,87,G,0.010810810810810811
2,20,88,A,0.0036036036036036037
2,20,89,A,0.0036036036036036037
2,20,90,G,0.018018018018018018
2,20,91,U,0.009009009009009009
2,20,92,G,0.005405405405405406
2,20,93,G,0.0
2,20,94,G,0.005415162454873646
2,20,95,G,0.009025270758122744
2,20,96,A,0.0018050541516245488
2,20,97,U,0.0018083182640144665
2,20,98,U,0.0018083182640144665
2,20,99,A,0.0018148820326678765
2,20,100,A,0.0054446460980036296
2,20,101,A,0.003629764065335753
2,20,102,A,0.003629764065335753
2,20,103,A,0.003629764065335753
2,20,104,A,0.007272727272727273
2,20,105,U,0.007272727272727273
2,20,106,C,0.005454545454545455
2,20,107,C,0.0036363636363636364
2,20,108,C,0.0018181818181818182
2,20,109,C,0.0036363636363636364
2,20,110,A,0.0036363636363636364
2,20,111,C,0.005454545454545455
2,20,112,U,0.0
2,20,113,U,0.0018181818181818182
2,20,114,C,0.005454545454545455
2,20,115,A,0.00546448087431694
2,20,116,A,0.0036429872495446266
2,20,117,C,0.00546448087431694
2,20,118,U,0.0036496350364963502
2,20,119,C,0.014625228519195612
2,20,120,A,0.009191176470588236
2,20,121,C,0.016574585635359115
2,20,122,A,0.001851851851851852
2,20,123,A,0.0018587360594795538
2,20,124,C,0.0037174721189591076
2,20,125,U,0.003766478342749529
2,20,126,A,0.009505703422053232
2,20,127,U,0.005780346820809248
2,20,128,U,0.003883495145631068
2,20,129,C,0.00390625
2,20,130,C,0.0
2,20,131,A,0.0
2,20,132,A,0.0
2,20,133,C,0.0
2,20,134,C,0.0
2,20,135,U,0.0
2,20,136,C,0.002183406113537118
2,20,137,C,0.002183406113537118
2,20,138,A,0.0043859649122807015
2,20,139,G,0.0
2,20,140,C,0.0022222222222222222
2,20,141,A,0.011160714285714286
2,20,142,G,0.006802721088435374
2,20,143,A,0.0
2,20,144,C,0.0
2,20,145,C,0.0
2,20,146,A,0.0
2,20,147,U,0.0
1,40,18,G,6.718285493542048e-05
1,40,19,G,0.00011527472436990012
1,40,20,C,0.00015188942449896476
1,40,21,A,0.0002716421153935706
1,40,22,U,9.241645937141405e-05
1,40,23,U,0.0005135791870118123
1,40,24,A,0.00014398520741448038
1,40,25,U,0.0005506857168721052
1,40,26,G,0.0013711321104317212
1,40,27,C,0.0005300119252683185
1,40,28,C,0.0003956043956043956
1,40,29,A,0.0007391572158411537
1,40,30,C,0.0009115176769320919
1,40,31,A,0.0013638375962183853
1,40,32,G,0.001705550857394629
1,40,33,C,0.0008421499593078801
1,40,34,C,0.0016304347826086956
1,40,35,A,0.009739713348105349
1,40,36,A,0.0061903497617483896
1,40,37,U,0.005371450013550229
1,40,38,C,0.006440475860347744
1,40,39,C,0.005559306154503244
1,40,40,C,0.008331158395032899
1,40,41,C,0.006714352270547288
1,40,42,A,0.005929838208902263
1,40,43,C,0.006600660066006601
1,40,44,U,0.0033704512471347775
1,40,45,U,0.0035153075047412627
1,40,46,C,0.005320515420706067
1,40,47,A,0.00350294611942414
1,40,48,A,0.0037682017602885367
1,40,49,C,0.007823412485226174
1,40,50,U,0.004365642660095884
1,40,51,C,0.008106067187468676
1,40,52,A,0.004538910661441254
1,40,53,C,0.005890243578505591
1,40,54,A,0.0034667214625189744
1,40,55,A,0.0032725325435180716
1,40,56,C,0.006235838898687435
1,40,57,U,0.0009636836477406238
1,40,58,A,0.003067808463192896
1,40,59,U,0.0022954539458061793
1,40,60,U,0.0026511379449064517
1,40,61,C,0.0057028329564409045
1,40,62,C,0.005865991748065541
1,40,63,A,0.002273056701234698
1,40,64,A,0.009294574102984671
1,40,65,A,0.012580024764865506
1,40,66,A,0.009291146742172324
1,40,67,A,0.016397111580665757
1,40,68,A,0.018994464883933682
1,40,69,U,0.006447283588373837
1,40,70,U,0.0036903767341810454
1,40,71,G,0.006222087753800012
1,40,72,G,0.007694786617648026
1,40,73,A,0.007010206228956229
1,40,74,A,0.006267015637946681
1,40,75,U,0.004188970578564571
1,40,76,A,0.0027884830389203834
1,40,77,G,0.007603912462917771
1,40,78,U,0.007321356917794252
1,40,79,U,0.0021513865587683804
1,40,80,G,0.011187760668893676
1,40,81,U,0.0066154038756778485
1,40,82,G,0.011282010728454127
1,40,83,A,0.004916757839790148
1,40,84,G,0.01057252461869043
1,40,85,U,0.006347762463169135
1,40,86,U,0.002814765985497693
1,40,87,G,0.006618631050872486
1,40,88,A,0.002689713822360224
1,40,89,A,0.0038962323235652834
1,40,90,G,0.022356571157320114
1,40,91,U,0.007621760257399239
1,40,92,G,0.005803294688666429
1,40,93,G,0.005251837483340591
1,40,94,G,0.005782063721510466
1,40,95,G,0.007728077360035932
1,40,96,A,0.014988203728546977
1,40,97,U,0.005671602326811211
1,40,98,U,0.014664559765684402
1,40,99,A,0.013146391861820494
1,40,100,A,0.005941971383147854
1,40,101,A,0.008340620611071362
1,40,102,A,0.0074411762757012135
1,40,103,A,0.006957835516768383
1,40,104,A,0.008482663556356696
1,40,105,U,0.008677149069311132
1,40,106,C,0.006921516368988424
1,40,107,C,0.004628524442322485
1,40,108,C,0.0038534239761233626
1,40,109,C,0.00446544093741084
1,40,110,A,0.00791164445388414
1,40,111,C,0.006440731985870229
1,40,112,U,0.0032831119115819415
1,40,113,U,0.0029827691816027057
1,40,114,C,0.0053182272575808065
1,40,115,A,0.00658118688301373
1,40,116,A,0.0061735818801363
1,40,117,C,0.009808051025934171
1,40,118,U,0.004151850586951136
1,40,119,C,0.011185622317596566
1,40,120,A,0.009245085401224621
1,40,121,C,0.012479324395196535
1,40,122,A,0.007958185803405834
1,40,123,A,0.011730541955090325
1,40,124,C,0.010233967573271285
1,40,125,U,0.0017921391190580027
1,40,126,A,0.00785540015807017
1,40,127,U,0.003449759835633173
1,40,128,U,0.0037133541411213914
1,40,129,C,0.009083459978849615
1,40,130,C,0.0007740864021167745
1,40,131,A,0.000673773200848245
1,40,132,A,0.0005265817019974525
1,40,133,C,0.0007766264211184859
1,40,134,C,0.0006217404343405529
1,40,135,U,0.0002004632929436921
1,40,136,C,0.0010427843854372894
1,40,137,C,0.0003338923500709521
1,40,138,A,0.0009003255022969843
1,40,139,G,0.0016641382086132698
1,40,140,C,0.000894259630787415
1,40,141,A,0.0014331359834602012
1,40,142,G,0.002371021204383614
1,40,143,A,0.0015806027151063899
1,40,144,C,0.0003241911430979706
1,40,145,C,0.0002134052651347014
1,40,146,A,0.0
1,40,147,U,0.0
2,40,18,G,0.0006234413965087282
2,40,19,G,0.0006119951040391676
2,40,20,C,0.0
2,40,21,A,0.0
2,40,22,U,0.0
2,40,23,U,0.0005889281507656066
2,40,24,A,0.0
2,40,25,U,0.0
2,40,26,G,0.0023215322112594312
2,40,27,C,0.0
2,40,28,C,0.0
2,40,29,A,0.000574052812858783
2,40,30,C,0.0
2,40,31,A,0.0011267605633802818
2,40,32,G,0.002243409983174425
2,40,33,C,0.0011179429849077697
2,40,34,C,0.0022284122562674096
2,40,35,A,0.009376723662437948
2,40,36,A,0.007135016465422613
2,40,37,U,0.010376843255051884
2,40,38,C,0.007621121393576484
2,40,39,C,0.0037858301784748512
2,40,40,C,0.0064759848893685915
2,40,41,C,0.004298764105319721
2,40,42,A,0.0053475935828877
2,40,43,C,0.008519701810436636
2,40,44,U,0.0010615711252653928
2,40,45,U,0.0026455026455026454
2,40,46,C,0.003169572107765452
2,40,47,A,0.00474934036939314
2,40,48,A,0.0036842105263157894
2,40,49,C,0.011023622047244094
2,40,50,U,0.0026191723415400735
2,40,51,C,0.005753138075313808
2,40,52,A,0.005221932114882507
2,40,53,C,0.008320332813312533
2,40,54,A,0.002596053997923157
2,40,55,A,0.0051813471502590676
2,40,56,C,0.007253886010362694
2,40,57,U,0.0005181347150259067
2,40,58,A,0.00466321243523316
2,40,59,U,0.004145077720207254
2,40,60,U,0.0010357327809425167
2,40,61,C,0.007246376811594203
2,40,62,C,0.007238883143743537
2,40,63,A,0.002066115702479339
2,40,64,A,0.006707946336429308
2,40,65,A,0.015479876160990712
2,40,66,A,0.013408973697782363
2,40,67,A,0.018050541516245487
2,40,68,A,0.020629190304280558
2,40,69,U,0.005673027333677153
2,40,70,U,0.0041258380608561115
2,40,71,G,0.0041258380608561115
2,40,72,G,0.007735946364105209
2,40,73,A,0.008767405879319236
2,40,74,A,0.006188757091284167
2,40,75,U,0.0036101083032490976
2,40,76,A,0.007735946364105209
2,40,77,G,0.008251676121712223
2,40,78,U,0.0046415678184631255
2,40,79,U,0.0030943785456420837
2,40,80,G,0.008264462809917356
2,40,81,U,0.006201550387596899
2,40,82,G,0.009819121447028423
2,40,83,A,0.004134366925064599
2,40,84,G,0.011369509043927648
2,40,85,U,0.005684754521963824
2,40,86,U,0.0020671834625322996
2,40,87,G,0.008268733850129198
2,40,88,A,0.0005167958656330749
2,40,89,A,0.0036175710594315244
2,40,90,G,0.025839793281653745
2,40,91,U,0.005684754521963824
2,40,92,G,0.0062047569803516025
2,40,93,G,0.0036213140196585617
2,40,94,G,0.004660797514241326
2,40,95,G,0.0062176165803108805
2,40,96,A,0.017616580310880828
2,40,97,U,0.007253886010362694
2,40,98,U,0.016580310880829015
2,40,99,A,0.015049299429164505
2,40,100,A,0.0041515308770108976
2,40,101,A,0.007265179034769071
2,40,102,A,0.010384215991692628
2,40,103,A,0.005192107995846314
2,40,104,A,0.010903426791277258
2,40,105,U,0.010903426791277258
2,40,106,C,0.004672897196261682
2,40,107,C,0.0031185031185031187
2,40,108,C,0.005200208008320333
2,40,109,C,0.002081165452653486
2,40,110,A,0.009365244536940686
2,40,111,C,0.008854166666666666
2,40,112,U,0.005219206680584551
2,40,113,U,0.0010465724751439038
2,40,114,C,0.0031397174254317113
2,40,115,A,0.010465724751439037
2,40,116,A,0.004709576138147566
2,40,117,C,0.013612565445026177
2,40,118,U,0.0026219192448872575
2,40,119,C,0.014721345951629864
2,40,120,A,0.01369141653501843
2,40,121,C,0.01584786053882726
2,40,122,A,0.009549071618037135
2,40,123,A,0.012738853503184714
2,40,124,C,0.014361702127659574
2,40,125,U,0.0021413276231263384
2,40,126,A,0.009693053311793215
2,40,127,U,0.002173913043478261
2,40,128,U,0.0027262813522355507
2,40,129,C,0.005512679162072767
2,40,130,C,0.002211166390270868
2,40,131,A,0.0016750418760469012
2,40,132,A,0.0028169014084507044
2,40,133,C,0.0034602076124567475
2,40,134,C,0.0005844535359438924
2,40,135,U,0.0011757789535567313
2,40,136,C,0.0
2,40,137,C,0.0006013229104028864
2,40,138,A,0.0006082725060827251
2,40,139,G,0.001224739742804654
2,40,140,C,0.0
2,40,141,A,0.0024813895781637717
2,40,142,G,0.0031466331025802393
2,40,143,A,0.0012738853503184713
2,40,144,C,0.002577319587628866
2,40,145,C,0.0
2,40,146,A,0.0
2,40,147,U,0.0
1,60,18,G,4.7521741196597446e-05
1,60,19,G,0.0002820078962210942
1,60,20,C,0.000138644976430354
1,60,21,A,9.159186664224217e-05
1,60,22,U,0.00022794620469569182
1,60,23,U,0.0006805498843065196
1,60,24,A,0.00013439655944807812
1,60,25,U,0.00022191647064045094
1,60,26,G,0.001190003966679889
1,60,27,C,0.0005701754385964912
1,60,28,C,0.0003057169061449098
1,60,29,A,0.00013006720138738348
1,60,30,C,0.0006912044237083118
1,60,31,A,0.0006814600281102261
1,60,32,G,0.0017378035858093503
1,60,33,C,0.0011812850694004977
1,60,34,C,0.0021449299743449553
1,60,35,A,0.015489958665608951
1,60,36,A,0.009593023255813954
1,60,37,U,0.006493775075484965
1,60,38,C,0.008294474476952916
1,60,39,C,0.006941877182172931
1,60,40,C,0.012902433030228557
1,60,41,C,0.011639779456810292
1,60,42,A,0.00809963775489438
1,60,43,C,0.010885458976441918
1,60,44,U,0.004094041345764086
1,60,45,U,0.005382871944309535
1,60,46,C,0.008161616161616161
1,60,47,A,0.007139975796692215
1,60,48,A,0.006198929275852353
1,60,49,C,0.01212267180475273
1,60,50,U,0.004126602564102564
1,60,51,C,0.01068
1,60,52,A,0.006746237675142709
1,60,53,C,0.010064844651310816
1,60,54,A,0.005361397934868944
1,60,55,A,0.004955990801681072
1,60,56,C,0.009709122612348419
1,60,57,U,0.0013463213748317099
1,60,58,A,0.0047901821060965955
1,60,59,U,0.0031272266645554587
1,60,60,U,0.003285307156428119
1,60,61,C,0.008864967547886656
1,60,62,C,0.007716049382716049
1,60,63,A,0.0028083221264140496
1,60,64,A,0.013446707534111133
1,60,65,A,0.018983587106980424
1,60,66,A,0.013523666416228399
1,60,67,A,0.026017160254636035
1,60,68,A,0.02573732901083261
1,60,69,U,0.006007905138339921
1,60,70,U,0.003715268171218529
1,60,71,G,0.007390720101177773
1,60,72,G,0.009681881051175657
1,60,73,A,0.009522304318621834
1,60,74,A,0.0067957329118925325
1,60,75,U,0.0044646384828131176
1,60,76,A,0.004425303251807657
1,60,77,G,0.010592466700920912
1,60,78,U,0.007311963953993914
1,60,79,U,0.0023323845667299176
1,60,80,G,0.013868526370012284
1,60,81,U,0.008440657816524668
1,60,82,G,0.01200856055802156
1,60,83,A,0.005628666560964008
1,60,84,G,0.011258225640212479
1,60,85,U,0.005946481665014866
1,60,86,U,0.002061446977205154
1,60,87,G,0.00721535045987948
1,60,88,A,0.002973358705994291
1,60,89,A,0.003687110970146295
1,60,90,G,0.028426436189192404
1,60,91,U,0.006502002140903144
1,60,92,G,0.005472498711186898
1,60,93,G,0.00599277691788705
1,60,94,G,0.0053206273575541
1,60,95,G,0.008144940204219476
1,60,96,A,0.014150005962081163
1,60,97,U,0.006400826939132509
1,60,98,U,0.015350964406442633
1,60,99,A,0.01345487838859918
1,60,100,A,0.007404753373940046
1,60,101,A,0.011107572258937813
1,60,102,A,0.010710304188565058
1,60,103,A,0.010351966873706004
1,60,104,A,0.008441842870226576
1,60,105,U,0.007526881720430108
1,60,106,C,0.00800541660028676
1,60,107,C,0.005775511829841472
1,60,108,C,0.004341764588727345
1,60,109,C,0.00549800796812749
1,60,110,A,0.01119744969117354
1,60,111,C,0.008570517420074942
1,60,112,U,0.002832974223924667
1,60,113,U,0.0034375249820129505
1,60,114,C,0.007679692812287508
1,60,115,A,0.010928305512189264
1,60,116,A,0.010177505309131706
1,60,117,C,0.014514253638587065
1,60,118,U,0.0046591958870546655
1,60,119,C,0.01379892987890735
1,60,120,A,0.014585012087026592
1,60,121,C,0.018192819685357
1,60,122,A,0.01282103134479272
1,60,123,A,0.020373445664060918
1,60,124,C,0.01601979153992781
1,60,125,U,0.002410623084780388
1,60,126,A,0.012232164846892702
1,60,127,U,0.003225673049088127
1,60,128,U,0.00373785198106155
1,60,129,C,0.010655634950482638
1,60,130,C,0.0007136260599445891
1,60,131,A,0.0006763897696047348
1,60,132,A,0.0021250371881507924
1,60,133,C,0.0025026968716289105
1,60,134,C,0.0005227846998344516
1,60,135,U,0.000175800993275612
1,60,136,C,0.0006251116270762637
1,60,137,C,0.0005836139169472503
1,60,138,A,0.0008607801386309066
1,60,139,G,0.001276033359157818
1,60,140,C,0.0010098691760385586
1,60,141,A,0.0010624538063562453
1,60,142,G,0.0030499249249249247
1,60,143,A,0.0018979833926453143
1,60,144,C,0.00033542575111409267
1,60,145,C,0.00014698677119059285
1,60,146,A,0.0
1,60,147,U,0.0
2,60,18,G,0.00011063170704723974
2,60,19,G,0.0
2,60,20,C,0.00010588733587462939
2,60,21,A,0.0
2,60,22,U,0.00031194759280440883
2,60,23,U,0.0004134794293983874
2,60,24,A,0.00040870542556452436
2,60,25,U,0.0006094464195022854
2,60,26,G,0.0023141161082603882
2,60,27,C,0.000499151442547669
2,60,28,C,9.943323058566172e-05
2,60,29,A,0.0006912897491605768
2,60,30,C,0.0004923198109491926
2,60,31,A,0.0005824111822947001
2,60,32,G,0.0016410850468191911
2,60,33,C,0.0012479600652779111
2,60,34,C,0.0013409961685823754
2,60,35,A,0.010845780610788697
2,60,36,A,0.007849442027614905
2,60,37,U,0.006681724073028421
2,60,38,C,0.008357592262184242
2,60,39,C,0.007197607029351281
2,60,40,C,0.009234213226378137
2,60,41,C,0.009676218831410495
2,60,42,A,0.007509734841461153
2,60,43,C,0.011092623405435386
2,60,44,U,0.0036886757654002213
2,60,45,U,0.003678837487353996
2,60,46,C,0.006882628246306323
2,60,47,A,0.005498533724340176
2,60,48,A,0.006033458268580309
2,60,49,C,0.01157597301977942
2,60,50,U,0.0034561164165529787
2,60,51,C,0.009270199036626375
2,60,52,A,0.00625793578813713
2,60,53,C,0.007220216606498195
2,60,54,A,0.004233852806053508
2,60,55,A,0.005485611510791367
2,60,56,C,0.00862766244270693
2,60,57,U,0.0009880535345369622
2,60,58,A,0.004757630161579892
2,60,59,U,0.0027827648114901256
2,60,60,U,0.002962032133560722
2,60,61,C,0.00816729492012206
2,60,62,C,0.007000538502961767
2,60,63,A,0.002781516375056079
2,60,64,A,0.011574697173620458
2,60,65,A,0.016418446079310964
2,60,66,A,0.011483940427059035
2,60,67,A,0.020362396842482956
2,60,68,A,0.021705982599336263
2,60,69,U,0.006634986102393975
2,60,70,U,0.0036758113681190606
2,60,71,G,0.007349645962176212
2,60,72,G,0.008423693879379872
2,60,73,A,0.008064516129032258
2,60,74,A,0.005913978494623656
2,60,75,U,0.003763440860215054
2,60,76,A,0.0038533918809929204
2,60,77,G,0.010667861945316002
2,60,78,U,0.007620584543661467
2,60,79,U,0.002151694459386767
2,60,80,G,0.01357547424256046
2,60,81,U,0.006833303362704549
2,60,82,G,0.010702401295080493
2,60,83,A,0.00512636028419822
2,60,84,G,0.009984708104704507
2,60,85,U,0.005487091841324098
2,60,86,U,0.0033282360349015023
2,60,87,G,0.007196186021408654
2,60,88,A,0.003238283709633894
2,60,89,A,0.003777997661239543
2,60,90,G,0.026900584795321637
2,60,91,U,0.007647323436797121
2,60,92,G,0.0058521653011614294
2,60,93,G,0.004144144144144144
2,60,94,G,0.007935792226530796
2,60,95,G,0.01118426986560837
2,60,96,A,0.015155615696887685
2,60,97,U,0.006585475868290482
2,60,98,U,0.017683146878383255
2,60,99,A,0.01645272102693907
2,60,100,A,0.007504520795660036
2,60,101,A,0.009042408897730355
2,60,102,A,0.008591842271863978
2,60,103,A,0.008682282716830967
2,60,104,A,0.00949710564399421
2,60,105,U,0.010947254139147742
2,60,106,C,0.007418800325703429
2,60,107,C,0.005248393810514886
2,60,108,C,0.005429864253393665
2,60,109,C,0.006154403113403928
2,60,110,A,0.011314265025343953
2,60,111,C,0.008059404147423708
2,60,112,U,0.005165382872677843
2,60,113,U,0.0031766200762388818
2,60,114,C,0.006271586984184694
2,60,115,A,0.0102811391138204
2,60,116,A,0.008833439577451963
2,60,117,C,0.014029334062129908
2,60,118,U,0.00437636761487965
2,60,119,C,0.012698702722455692
2,60,120,A,0.013817715959004393
2,60,121,C,0.01703296703296703
2,60,122,A,0.011384502387073081
2,60,123,A,0.01995769336889543
2,60,124,C,0.014634146341463415
2,60,125,U,0.0022234574763757642
2,60,126,A,0.009883449883449883
2,60,127,U,0.004033771106941838
2,60,128,U,0.004045916447120813
2,60,129,C,0.009839167455061495
2,60,130,C,0.000854457419538593
2,60,131,A,0.0010530346544131725
2,60,132,A,0.0008663008951775916
2,60,133,C,0.0009792401096748924
2,60,134,C,0.000594118229527676
2,60,135,U,0.00020058168689198675
2,60,136,C,0.0004067520846044336
2,60,137,C,0.0006124948958758677
2,60,138,A,0.0011306403535820742
2,60,139,G,0.0032031411448646416
2,60,140,C,0.0008315143955929737
2,60,141,A,0.00167259042441982
2,60,142,G,0.0032800761824145594
2,60,143,A,0.0019241047568145377
2,60,144,C,0.0006463427771194657
2,60,145,C,0.0
2,60,146,A,0.0
2,60,147,U,0.0
1,80,18,G,8.910040042768192e-05
1,80,19,G,0.00019102196752626553
1,80,20,C,0.00016757223378865586
1,80,21,A,0.00018429139956865852
1,80,22,U,0.00010897077106726964
1,80,23,U,0.00048341587577198554
1,80,24,A,0.00021863658227294592
1,80,25,U,0.0002708480445738496
1,80,26,G,0.000982313564073199
1,80,27,C,0.0005715074938920136
1,80,28,C,0.00035553280145626234
1,80,29,A,0.0004229561817395718
1,80,30,C,0.0006710905456013065
1,80,31,A,0.0008163075995454651
1,80,32,G,0.0014406959669748156
1,80,33,C,0.0009991941982272362
1,80,34,C,0.0029648492983189996
1,80,35,A,0.022074843009099065
1,80,36,A,0.013564909300934614
1,80,37,U,0.006747760970223516
1,80,38,C,0.010898342581510899
1,80,39,C,0.009539703660269277
1,80,40,C,0.014037249760498702
1,80,41,C,0.01374565820296723
1,80,42,A,0.012755273298513675
1,80,43,C,0.014028664553288387
1,80,44,U,0.0039316437209468
1,80,45,U,0.00495901584661297
1,80,46,C,0.00943170010390856
1,80,47,A,0.008592939423767591
1,80,48,A,0.008227596268623724
1,80,49,C,0.014619921738861905
1,80,50,U,0.004579810120456485
1,80,51,C,0.011278377037593127
1,80,52,A,0.008269892859332977
1,80,53,C,0.011736577108002688
1,80,54,A,0.00691286393811092
1,80,55,A,0.006764888620475411
1,80,56,C,0.010766085095483888
1,80,57,U,0.0012364210599382223
1,80,58,A,0.004804544370487609
1,80,59,U,0.0031303518394068808
1,80,60,U,0.003173254493276342
1,80,61,C,0.008746305141163112
1,80,62,C,0.008744675411342079
1,80,63,A,0.0033482336226761614
1,80,64,A,0.01679795254654189
1,80,65,A,0.025330816128585284
1,80,66,A,0.01909214884083382
1,80,67,A,0.03357197891146451
1,80,68,A,0.03662041325104092
1,80,69,U,0.0073902922367316565
1,80,70,U,0.0040063859888980705
1,80,71,G,0.008812611942235643
1,80,72,G,0.011199792356109272
1,80,73,A,0.009978675824960098
1,80,74,A,0.006890376829648085
1,80,75,U,0.004749319826463833
1,80,76,A,0.003992525369622202
1,80,77,G,0.01322500681366887
1,80,78,U,0.008419139915202907
1,80,79,U,0.00279953269006101
1,80,80,G,0.0183851082356101
1,80,81,U,0.0075123147373939115
1,80,82,G,0.01129140579301978
1,80,83,A,0.006109873729276262
1,80,84,G,0.014344155731595278
1,80,85,U,0.007202631430688757
1,80,86,U,0.003029370593002544
1,80,87,G,0.00865072898427613
1,80,88,A,0.0036103743000294726
1,80,89,A,0.004460048111306157
1,80,90,G,0.04136866834846081
1,80,91,U,0.0076592977893368015
1,80,92,G,0.007912352808560083
1,80,93,G,0.007173339809867462
1,80,94,G,0.0072932213390718825
1,80,95,G,0.010084872690963555
1,80,96,A,0.013719750534197314
1,80,97,U,0.005538902645640558
1,80,98,U,0.017740449789704196
1,80,99,A,0.01581689454823783
1,80,100,A,0.009442784381782516
1,80,101,A,0.016664564202723924
1,80,102,A,0.01577060620034978
1,80,103,A,0.013470005743025704
1,80,104,A,0.011830637827583356
1,80,105,U,0.0096278563656148
1,80,106,C,0.00822294676632292
1,80,107,C,0.00621301903961616
1,80,108,C,0.006327350003048276
1,80,109,C,0.0068520898220547554
1,80,110,A,0.013964350603233804
1,80,111,C,0.009968833772857049
1,80,112,U,0.0035342164511230957
1,80,113,U,0.0035882396646897113
1,80,114,C,0.009014131323778325
1,80,115,A,0.011941461876653063
1,80,116,A,0.012924120642656172
1,80,117,C,0.01768894813463596
1,80,118,U,0.004916477008110649
1,80,119,C,0.01625265084519064
1,80,120,A,0.01741761314842625
1,80,121,C,0.021830076308283704
1,80,122,A,0.016301754757991838
1,80,123,A,0.025218260461907248
1,80,124,C,0.019589440738068148
1,80,125,U,0.002136914188842542
1,80,126,A,0.014477483455585645
1,80,127,U,0.0037123304334506202
1,80,128,U,0.0037902059992771953
1,80,129,C,0.011836979322744981
1,80,130,C,0.0007929491327688508
1,80,131,A,0.0005174821972385685
1,80,132,A,0.0007805827739156787
1,80,133,C,0.0010731003348813115
1,80,134,C,0.0005238124190312276
1,80,135,U,0.0002379083101372731
1,80,136,C,0.00094229300963555
1,80,137,C,0.0004266914923534945
1,80,138,A,0.0008029533014110435
1,80,139,G,0.002939322921795301
1,80,140,C,0.001148674073633969
1,80,141,A,0.001385283111007021
1,80,142,G,0.002421783946599664
1,80,143,A,0.0017056306237297138
1,80,144,C,0.0005513304066448195
1,80,145,C,0.0004199045381581605
1,80,146,A,0.0
1,80,147,U,0.0
2,80,18,G,0.0
2,80,19,G,0.0
2,80,20,C,0.0
2,80,21,A,0.0
2,80,22,U,0.0
2,80,23,U,0.0008658008658008658
2,80,24,A,0.0
2,80,25,U,0.0
2,80,26,G,0.0033812341504649195
2,80,27,C,0.0016764459346186086
2,80,28,C,0.000835421888053467
2,80,29,A,0.0008285004142502071
2,80,30,C,0.0033030553261767133
2,80,31,A,0.0016273393002441008
2,80,32,G,0.0
2,80,33,C,0.0008064516129032258
2,80,34,C,0.0016051364365971107
2,80,35,A,0.02292490118577075
2,80,36,A,0.01098901098901099
2,80,37,U,0.010164190774042221
2,80,38,C,0.0117096018735363
2,80,39,C,0.008553654743390357
2,80,40,C,0.0062063615205585725
2,80,41,C,0.015467904098994586
2,80,42,A,0.013910355486862442
2,80,43,C,0.01848998459167951
2,80,44,U,0.006158583525789068
2,80,45,U,0.003849114703618168
2,80,46,C,0.010752688172043012
2,80,47,A,0.013026819923371647
2,80,48,A,0.007639419404125287
2,80,49,C,0.012947448591012947
2,80,50,U,0.006083650190114068
2,80,51,C,0.012898330804248861
2,80,52,A,0.00680786686838124
2,80,53,C,0.01281085154483798
2,80,54,A,0.009774436090225564
2,80,55,A,0.004507888805409466
2,80,56,C,0.011252813203300824
2,80,57,U,0.00149812734082397
2,80,58,A,0.0074850299401197605
2,80,59,U,0.0029940119760479044
2,80,60,U,0.0007479431563201197
2,80,61,C,0.007473841554559043
2,80,62,C,0.01046337817638266
2,80,63,A,0.004484304932735426
2,80,64,A,0.02391629297458894
2,80,65,A,0.02092675635276532
2,80,66,A,0.018670649738610903
2,80,67,A,0.02164179104477612
2,80,68,A,0.028358208955223882
2,80,69,U,0.006711409395973154
2,80,70,U,0.0044742729306487695
2,80,71,G,0.00820283370618941
2,80,72,G,0.011185682326621925
2,80,73,A,0.008948545861297539
2,80,74,A,0.006711409395973154
2,80,75,U,0.0044742729306487695
2,80,76,A,0.0022371364653243847
2,80,77,G,0.01267710663683818
2,80,78,U,0.005219985085756898
2,80,79,U,0.0022371364653243847
2,80,80,G,0.023203592814371257
2,80,81,U,0.010479041916167664
2,80,82,G,0.010486891385767791
2,80,83,A,0.006741573033707865
2,80,84,G,0.024719101123595506
2,80,85,U,0.00599250936329588
2,80,86,U,0.0022471910112359553
2,80,87,G,0.008988764044943821
2,80,88,A,0.0029985007496251873
2,80,89,A,0.006746626686656672
2,80,90,G,0.03223388305847077
2,80,91,U,0.009745127436281859
2,80,92,G,0.005247376311844078
2,80,93,G,0.008264462809917356
2,80,94,G,0.007541478129713424
2,80,95,G,0.007541478129713424
2,80,96,A,0.01282051282051282
2,80,97,U,0.006787330316742082
2,80,98,U,0.01885369532428356
2,80,99,A,0.018910741301059002
2,80,100,A,0.00680786686838124
2,80,101,A,0.01588502269288956
2,80,102,A,0.014372163388804841
2,80,103,A,0.0113464447806354
2,80,104,A,0.007564296520423601
2,80,105,U,0.00680786686838124
2,80,106,C,0.00529500756429652
2,80,107,C,0.0045385779122541605
2,80,108,C,0.0030257186081694403
2,80,109,C,0.005299015897047691
2,80,110,A,0.014383043149129448
2,80,111,C,0.013646702047005308
2,80,112,U,0.002276176024279211
2,80,113,U,0.00532319391634981
2,80,114,C,0.008384146341463415
2,80,115,A,0.0213903743315508
2,80,116,A,0.009174311926605505
2,80,117,C,0.021455938697318006
2,80,118,U,0.006149116064565719
2,80,119,C,0.014615384615384615
2,80,120,A,0.01770592763664357
2,80,121,C,0.020077220077220077
2,80,122,A,0.012412723041117145
2,80,123,A,0.027152831652443754
2,80,124,C,0.016304347826086956
2,80,125,U,0.0007818608287724785
2,80,126,A,0.018853102906520033
2,80,127,U,0.0023828435266084196
2,80,128,U,0.0007987220447284345
2,80,129,C,0.011244979919678716
2,80,130,C,0.0008071025020177562
2,80,131,A,0.0
2,80,132,A,0.0
2,80,133,C,0.0
2,80,134,C,0.0
2,80,135,U,0.0
2,80,136,C,0.0
2,80,137,C,0.0
2,80,138,A,0.0
2,80,139,G,0.0017937219730941704
2,80,140,C,0.0
2,80,141,A,0.0009149130832570906
2,80,142,G,0.0018535681186283596
2,80,143,A,0.0018674136321195146
2,80,144,C,0.0
2,80,145,C,0.000966183574879227
2,80,146,A,0.0
2,80,147,U,0.0
