pos,baseline_turner,baseline_andronescu,merge_turner,merge_andronescu
18,0.9977510087384411,0.9843197840677879,0.997701149817485,0.8643394663150655
19,0.9993628521087569,0.9914126817946753,0.9992969335223788,0.8804743659760288
20,0.9955495995345071,0.9540427960536364,0.9968239976471507,0.007447630655648986
21,0.603175177350655,0.7283271723614831,0.5928544699109703,0.003690725160256841
22,0.00472638872976625,0.029163524612072438,0.002096057145507756,0.0602772676334683
23,0.003920674886423576,0.014342451049208517,0.0031185875455547133,0.07694946788460047
24,2.2404947576387237e-05,0.0013900981309654427,1.5656959575140762e-05,0.0007594839694264987
25,0.6039061113219019,0.7500085584048848,0.5946767005588667,0.9806767713570103
26,0.9215833724905307,0.8464710407757731,0.9107197424150196,0.9997172242524671
27,0.9200983114712075,0.8391869959969757,0.9100292935633875,0.9963914165931519
28,0.915130045485576,0.8045127220269352,0.9065268407549797,0.003152431353523134
29,0.003192984029333163,0.013289343897081321,0.003905234538488787,0.0073039030234723175
30,0.0025464131269864725,0.0072324252421116,0.007688167735956013,0.0004430115189864229
31,0.010833797519423202,0.12620503405767475,0.006927135934163792,0.8913465130089702
32,0.0999542038414226,0.39698657416104005,0.21217594313613575,0.9217962730772523
33,0.08802244453925602,0.1844573112610314,0.2027649869209321,0.0012565205766375215
34,0.07931882918496704,0.15207318346810128,0.090421562009166,0.002298683969756977
35,0.39853022343382033,0.15511653333846415,0.2219615123555351,0.2985087097840988
36,0.47745239157663477,0.2218704422594526,0.248999613782431,0.3562970755253776
37,0.48833597428895975,0.23197941933188906,0.2577027734133438,0.3590871634173379
38,0.48955385361449005,0.2116183615570949,0.26331090134385915,0.3512747779624712
39,0.49096366222860505,0.2161494827967508,0.26355985298876017,0.3515037401830401
40,0.491124789560907,0.22139273058601439,0.2648702982907636,0.3517305799006578
41,0.4920679989205331,0.2483041560077453,0.2754446182522558,0.3527682335238991
42,0.48860497453677665,0.2131220480889633,0.49643359822318933,0.35040483364295266
43,0.49181573972214165,0.26463567171207336,0.5135325655678126,0.4671148331281556
44,0.4932141156629316,0.3045104845334121,0.5136992383070218,0.7578438964295781
45,0.49217375661326196,0.2890142663407346,0.5024140208707145,0.7676313131095671
46,0.48973368406542794,0.2327787779082408,0.5163445894821325,0.6049093797579258
47,0.48855055161216104,0.21769046934007422,0.5594157953092905,0.5693188205808678
48,0.488993336197824,0.22181167431506504,0.5886235314402992,0.5348557508259538
49,0.4914519008105537,0.26220558317928877,0.6029984171650299,0.5937441471111358
50,0.4921550846256085,0.28967047458268613,0.642670794693234,0.6109311682647595
51,0.4896081824174196,0.24076730002822244,0.6753404176393427,0.6219798039327878
52,0.48952559976761084,0.229411894660808,0.6837919819758859,0.5566222475332396
53,0.48946882575360545,0.22055118987595074,0.6848114876522289,0.5849202455671372
54,0.49034199538882556,0.25458090206999556,0.6834876687142749,0.6174163886622057
55,0.4901959557068315,0.2556803740427313,0.6817724479666843,0.6468214100562627
56,0.49385496253047095,0.24199459124250305,0.6838497283983968,0.680634663967458
57,0.49638705185218096,0.2779692679691088,0.6830010178533142,0.7098599978202134
58,0.4908777385612196,0.24237005203794415,0.7051752150358851,0.7870593907875422
59,0.4975894482355712,0.29803001782145583,0.6815805672017349,0.761989892031598
60,0.5071040727864952,0.3082384626328644,0.7191394154854929,0.7113814151325574
61,0.5011421316236602,0.27959121465421377,0.8366023827150062,0.8060363818924442
62,0.4960025457162205,0.28171859352472667,0.8380595498011147,0.8129163218369457
63,0.46885498339149206,0.22130805548430008,0.8325787233122802,0.8867619425567348
64,0.3265405266928356,0.18092391878047412,0.0941377737950054,0.1481072890151214
65,0.0033097919663755346,0.0214436676919077,0.00032503740325601763,0.0025470294432429156
66,0.010736789146109496,0.026699258280280993,0.0007294236287901112,0.0024216218089640217
67,0.004516848508887465,0.02226698363641295,8.244630841091229e-05,0.0019245442608983381
68,0.0038925578526591417,0.03911673530325913,0.00012367165399687562,0.0021688693639653673
69,0.6684450756354701,0.7735570398886955,0.13019308557145892,0.12655608164507323
70,0.9544709244217229,0.9351910950223569,0.9859874580706738,0.9794507956698582
71,0.9999132752203681,0.9985128623272613,0.9999138428999204,0.998824278185909
72,0.9999829979266442,0.999808610672667,0.9996999183736708,0.9911697495892783
73,0.9992531888714234,0.9959707747241168,0.8818497462049157,0.8839435376698186
74,0.9980733989545573,0.9911287923358508,0.8803420381248056,0.9811220433349382
75,0.9989478809536269,0.9935768962002867,0.9675127120720597,0.9940352199279708
76,0.9993763847885719,0.9965014844047004,0.9798913553292566,0.9272857514057669
77,0.9999508601012547,0.9997080301644204,0.9996423263470801,0.8934805331275089
78,0.9990337107121721,0.9942568867917219,0.9976688487955314,0.7294959112953218
79,0.9988628830399516,0.9931936487113223,0.9986191333355596,0.693281664053533
80,0.9999490243987463,0.9996241484837738,0.9998698007085097,0.8075541407111103
81,0.999576063944676,0.9970599796961253,0.998501829588281,0.7721246091406571
82,0.9999658962711158,0.9997595288049473,0.9998393457260791,0.9423628977342507
83,0.9996936911821089,0.9985869481646474,0.9849013107223014,0.9264019814787746
84,0.9999515457429065,0.9997284877133786,0.9990719189412458,0.912447079994307
85,0.9990340314805475,0.9942829816239939,0.9941242723979771,0.8043734302380775
86,0.9988631389046558,0.9932210554593638,0.9905157340948224,0.8572503492603956
87,0.9999577108279865,0.9997147789409863,0.9997416864364606,0.9997527690641594
88,0.9992820514161178,0.9960516116177042,0.9873982262972867,0.9949653047557895
89,0.9988579279546146,0.9951546736409849,0.9965652648285046,0.9871116114291805
90,0.9999514574515569,0.9997264924409344,0.9994802396462431,0.9374191402633737
91,0.999577171756111,0.9970855385193382,0.9879333420760179,0.8055512767966673
92,0.9999765084274688,0.9997426789231586,0.9998507009151315,0.9997286235853088
93,0.9999897887372019,0.9998299073751731,0.999973965730538,0.999919840610141
94,0.9999897185575395,0.9998275866381585,0.9999868757241842,0.9999160407697836
95,0.9999728529957247,0.9997056608571369,0.9999159938228215,0.9998841317289393
96,0.9968406637871641,0.9955663560383329,0.9921800976005319,0.9965229979835455
97,0.974280609024341,0.8806287456795555,0.864210900074581,0.92653456974985
98,0.8155438295903615,0.42800015049291024,0.5615455611247818,0.5481231966278651
99,0.0003790225007442841,0.005859199353141566,0.00047876114205605086,0.3242882536965496
100,0.0007384026172360128,0.008581369215712197,0.00099692093052639,0.3330412645237825
101,0.0008083269693242745,0.008929340032990604,0.0009190183709317307,0.013435145007576857
102,0.0022356934391976097,0.017285882102063246,0.0036236445980742417,0.005205068613021995
103,0.4207645461063176,0.3074191366498106,0.339868658802168,0.2702524555929912
104,0.5018664052929491,0.6963668439235786,0.6145016877692144,0.5898155972583191
105,0.5128973279842585,0.8046258858738553,0.7399240893058836,0.6491366702847647
106,0.5124858443299183,0.8002829796035866,0.7402207961056109,0.6496402765744963
107,0.5118296163445901,0.7987632917504434,0.7372265655911422,0.649599141644765
108,0.5120166212982766,0.7988597773307449,0.7361070087873158,0.6494515180169832
109,0.5122322887757127,0.7988650476431078,0.7280057757129872,0.6488214227052321
110,0.5115632189621693,0.7968047786522,0.4921731384211678,0.45829884435374474
111,0.5137792964561146,0.8010920798875125,0.49020863393365066,0.4699483786117393
112,0.5167945084182574,0.8284241661905729,0.4909155365523805,0.7870170554573261
113,0.5188000105184105,0.831216516157178,0.4959343912499264,0.7823070290978901
114,0.51609133772099,0.8043600571571251,0.49101865802140693,0.4183964263962636
115,0.5109746836016856,0.7901909109216668,0.4313579453776332,0.30892903154338014
116,0.5111974961343076,0.7912994480889973,0.40608172271005394,0.2808776399538869
117,0.5156444962372613,0.8100341017412945,0.3971100000280445,0.2994545419235512
118,0.5182837072221035,0.8225795734485093,0.34474922261758983,0.2899538527953225
119,0.5149014436873172,0.8044819338929469,0.32633113000334857,0.289750038452496
120,0.5113815764275776,0.7906717332077411,0.3154435941543006,0.21759506286277416
121,0.512052440866961,0.7912531804527712,0.3162009832207201,0.21073481936042607
122,0.5119265467876802,0.791773011528677,0.3180267474216641,0.1704852566852818
123,0.5116253971139122,0.792076432287193,0.31943002903912676,0.18018251006610797
124,0.5165039349076931,0.814911909722397,0.3268423663344682,0.21017117221687795
125,0.517401318277567,0.8145697811003821,0.30808264965752735,0.24454865362030648
126,0.5108294329247559,0.7827622677229065,0.26273772353621694,0.24037713916360887
127,0.5121858403710497,0.78790108769584,0.19987244793048578,0.2434232537089093
128,0.5162120685124194,0.7973686691096618,0.16387169492408368,0.15825503437621324
129,0.5149183210906083,0.7917285269028834,0.16442281095001024,0.1618158910503854
130,0.5151776989316639,0.7930759756361518,0.16446453318234475,0.15977513004654215
131,0.486405721162772,0.7242057290502877,0.1531966141505716,0.16990432902209024
132,0.3424082523539541,0.5997221388232155,0.0366037961601705,0.048727537621185715
133,0.006708528482663538,0.014924899284592669,0.0038095175674846566,0.010825779724234926
134,0.03737494666419628,0.19852897434988767,0.00969784943797996,0.916145867629458
135,0.07362029135417417,0.24218207650938603,0.02002834068343611,0.9315092049503558
136,0.03254631567193373,0.07653714953530696,0.013697888297322347,0.03776446618864687
137,0.012717191461071331,0.011680754783911604,0.00597971802821047,0.028107514219828808
138,0.009421626106091442,0.0591228910425354,0.00618592400047843,0.018269400892359174
139,0.040308504100084866,0.3094206862602936,0.13241884448511074,0.9950207325081593
140,0.00577314790668627,0.0508776770330995,0.11397218524156645,0.9965905361801196
141,0.04478296981490053,0.16178337583060542,0.011869887512638842,0.9957597018606854
142,0.1237017178836879,0.3759727294019445,0.05577882846593347,0.05674887935066788
143,0.049369999518471396,0.20534623807363642,0.02234251827964843,0.06573154015420016
144,0.003424195651518651,0.022526078591687163,0.003050402119405641,0.8609871489788128
145,0.003431217885603695,0.03810917926654892,0.002989923295793377,0.8792343749633154
146,0.0005841320521696414,0.008981798482257245,0.000162200576821077,0.006358219421425604
147,0.001596805046970752,0.01508473035941195,0.0009207404384966929,0.0024864821110617682
